pk,created,updated,active,jsondata,id,name,description,markup_description,dbpedia_url
1,2008-04-21T02:00:00+02:00,2008-04-21T02:00:00+02:00,True,,1,Phonology,,,http://dbpedia.org/resource/Phonology
10,2008-04-21T02:00:00+02:00,2008-04-21T02:00:00+02:00,True,,10,Sign Languages,,,http://dbpedia.org/resource/Sign_language
11,2008-04-21T02:00:00+02:00,2008-04-21T02:00:00+02:00,True,,11,Other,,,
2,2008-04-21T02:00:00+02:00,2008-04-21T02:00:00+02:00,True,,2,Morphology,,,http://dbpedia.org/resource/Morphology_(linguistics)
3,2008-04-21T02:00:00+02:00,2008-04-21T02:00:00+02:00,True,,3,Nominal Categories,,,http://dbpedia.org/resource/Semantics
4,2008-04-21T02:00:00+02:00,2008-04-21T02:00:00+02:00,True,,4,Nominal Syntax,,,
5,2008-04-21T02:00:00+02:00,2008-04-21T02:00:00+02:00,True,,5,Verbal Categories,,,http://dbpedia.org/resource/Semantics
6,2008-04-21T02:00:00+02:00,2008-04-21T02:00:00+02:00,True,,6,Word Order,,,http://dbpedia.org/resource/Word_order
7,2008-04-21T02:00:00+02:00,2008-04-21T02:00:00+02:00,True,,7,Simple Clauses,,,
8,2008-04-21T02:00:00+02:00,2008-04-21T02:00:00+02:00,True,,8,Complex Sentences,,,
9,2008-04-21T02:00:00+02:00,2008-04-21T02:00:00+02:00,True,,9,Lexicon,,,
