pk,jsondata,id,name,description,markup_description,dbpedia_url,updated,active,created
1,{},1,Phonology,,,http://dbpedia.org/resource/Phonology,2008-04-21T02:00:00+02:00,True,2008-04-21T02:00:00+02:00
2,{},2,Morphology,,,http://dbpedia.org/resource/Morphology_(linguistics),2008-04-21T02:00:00+02:00,True,2008-04-21T02:00:00+02:00
3,{},3,Nominal Categories,,,http://dbpedia.org/resource/Semantics,2008-04-21T02:00:00+02:00,True,2008-04-21T02:00:00+02:00
4,{},4,Nominal Syntax,,,,2008-04-21T02:00:00+02:00,True,2008-04-21T02:00:00+02:00
5,{},5,Verbal Categories,,,http://dbpedia.org/resource/Semantics,2008-04-21T02:00:00+02:00,True,2008-04-21T02:00:00+02:00
6,{},6,Word Order,,,http://dbpedia.org/resource/Word_order,2008-04-21T02:00:00+02:00,True,2008-04-21T02:00:00+02:00
7,{},7,Simple Clauses,,,,2008-04-21T02:00:00+02:00,True,2008-04-21T02:00:00+02:00
8,{},8,Complex Sentences,,,,2008-04-21T02:00:00+02:00,True,2008-04-21T02:00:00+02:00
9,{},9,Lexicon,,,,2008-04-21T02:00:00+02:00,True,2008-04-21T02:00:00+02:00
10,{},10,Sign Languages,,,http://dbpedia.org/resource/Sign_language,2008-04-21T02:00:00+02:00,True,2008-04-21T02:00:00+02:00
11,{},11,Other,,,,2008-04-21T02:00:00+02:00,True,2008-04-21T02:00:00+02:00
