pk,sortkey,wp_slug,area_pk,version
88,88,order-of-demonstrative-and-noun,6,1
117,117,predicative-possession,7,1
37,37,definite-articles,3,1
116,116,polar-questions,7,1
48,48,person-marking-on-adpositions,3,1
83,83,order-of-object-and-verb,6,1
125,125,purpose-clauses,8,1
63,63,noun-phrase-conjunction,4,1
44,44,gender-distinctions-in-independent-perso,3,1
102,102,verbal-person-marking,7,1
27,27,reduplication,2,1
103,103,third-person-zero-of-verbal-person-marki,7,1
57,57,position-of-pronominal-possessive-affixe,3,1
100,100,alignment-of-verbal-person-marking,7,1
143,143,order-of-negative-morpheme-and-verb,6,1
49,49,number-of-cases,3,1
81,81,order-of-subject-object-and-verb,6,1
104,104,order-of-person-markers-on-the-verb,7,1
76,76,overlap-between-situational-and-epistemi,5,1
92,92,position-of-polar-question-particles,6,1
72,72,imperative-hortative-systems,5,1
144,144,position-of-negative-morpheme-with-respe,6,1
71,71,the-prohibitive,5,1
82,82,order-of-subject-and-verb,6,1
101,101,expression-of-pronominal-subjects,7,1
126,126,when-clauses,8,1
121,121,comparative-constructions,7,1
50,50,asymmetrical-case-marking,3,1
93,93,position-of-interrogative-phrases-in-con,6,1
59,59,possessive-classification,4,1
107,107,passive-constructions,7,1
91,91,order-of-degree-word-and-adjective,6,1
87,87,order-of-adjective-and-noun,6,1
128,128,utterance-complement-clauses,8,1
127,127,reason-clauses,8,1
58,58,obligatory-possessive-inflection,4,1
70,70,the-morphological-imperative,5,1
137,137,n-m-pronouns,9,1
136,136,m-t-pronouns,9,1
75,75,epistemic-possibility,5,1
86,86,order-of-genitive-and-noun,6,1
74,74,situational-possibility,5,1
131,131,numeral-bases,9,1
