pk,jsondata,polymorphic_type,id,name,description,markup_description,date,updated,active,created,version
1,{},custom,1,Consonant Inventories,,,,2008-04-21T02:00:00+02:00,True,2008-04-21T02:00:00+02:00,1
2,{},custom,2,Vowel Quality Inventories,,,,2008-04-21T02:00:00+02:00,True,2008-04-21T02:00:00+02:00,1
3,{},custom,3,Consonant-Vowel Ratio,,,,2008-04-21T02:00:00+02:00,True,2008-04-21T02:00:00+02:00,1
4,{},custom,4,Voicing in Plosives and Fricatives,,,,2008-04-21T02:00:00+02:00,True,2008-04-21T02:00:00+02:00,1
5,{},custom,5,Voicing and Gaps in Plosive Systems,,,,2008-04-21T02:00:00+02:00,True,2008-04-21T02:00:00+02:00,1
6,{},custom,6,Uvular Consonants,,,,2008-04-21T02:00:00+02:00,True,2008-04-21T02:00:00+02:00,1
7,{},custom,7,Glottalized Consonants,,,,2008-04-21T02:00:00+02:00,True,2008-04-21T02:00:00+02:00,1
8,{},custom,8,Lateral Consonants,,,,2008-04-21T02:00:00+02:00,True,2008-04-21T02:00:00+02:00,1
9,{},custom,9,The Velar Nasal,,,,2008-04-21T02:00:00+02:00,True,2008-04-21T02:00:00+02:00,1
10,{},custom,10,Vowel Nasalization,,,,2008-04-21T02:00:00+02:00,True,2008-04-21T02:00:00+02:00,1
11,{},custom,11,Front Rounded Vowels,,,,2008-04-21T02:00:00+02:00,True,2008-04-21T02:00:00+02:00,1
12,{},custom,12,Syllable Structure,,,,2008-04-21T02:00:00+02:00,True,2008-04-21T02:00:00+02:00,1
13,{},custom,13,Tone,,,,2008-04-21T02:00:00+02:00,True,2008-04-21T02:00:00+02:00,1
14,{},custom,14,Fixed Stress Locations,,,,2008-04-21T02:00:00+02:00,True,2008-04-21T02:00:00+02:00,1
15,{},custom,15,Weight-Sensitive Stress,,,,2008-04-21T02:00:00+02:00,True,2008-04-21T02:00:00+02:00,1
16,{},custom,16,Weight Factors in Weight-Sensitive Stress Systems,,,,2008-04-21T02:00:00+02:00,True,2008-04-21T02:00:00+02:00,1
78,{},custom,78,Coding of Evidentiality,,,,2008-04-21T02:00:00+02:00,True,2008-04-21T02:00:00+02:00,1
79,{},custom,79,Suppletion According to Tense and Aspect,,,,2008-04-21T02:00:00+02:00,True,2008-04-21T02:00:00+02:00,1
80,{},custom,80,Verbal Number and Suppletion,,,,2008-04-21T02:00:00+02:00,True,2008-04-21T02:00:00+02:00,1
84,{},custom,84,"Order of Object, Oblique, and Verb",,,,2008-04-21T02:00:00+02:00,True,2008-04-21T02:00:00+02:00,1
85,{},custom,85,Order of Adposition and Noun Phrase,,,,2008-04-21T02:00:00+02:00,True,2008-04-21T02:00:00+02:00,1
89,{},custom,89,Order of Numeral and Noun,,,,2008-04-21T02:00:00+02:00,True,2008-04-21T02:00:00+02:00,1
90,{},custom,90,Order of Relative Clause and Noun,,,,2008-04-21T02:00:00+02:00,True,2008-04-21T02:00:00+02:00,1
94,{},custom,94,Order of Adverbial Subordinator and Clause,,,,2008-04-21T02:00:00+02:00,True,2008-04-21T02:00:00+02:00,1
95,{},custom,95,Relationship between the Order of Object and Verb and the Order of Adposition and Noun Phrase,,,,2008-04-21T02:00:00+02:00,True,2008-04-21T02:00:00+02:00,1
96,{},custom,96,Relationship between the Order of Object and Verb and the Order of Relative Clause and Noun,,,,2008-04-21T02:00:00+02:00,True,2008-04-21T02:00:00+02:00,1
97,{},custom,97,Relationship between the Order of Object and Verb and the Order of Adjective and Noun,,,,2008-04-21T02:00:00+02:00,True,2008-04-21T02:00:00+02:00,1
98,{},custom,98,Alignment of Case Marking of Full Noun Phrases,,,,2008-04-21T02:00:00+02:00,True,2008-04-21T02:00:00+02:00,1
99,{},custom,99,Alignment of Case Marking of Pronouns,,,,2008-04-21T02:00:00+02:00,True,2008-04-21T02:00:00+02:00,1
105,{},custom,105,Ditransitive Constructions: The Verb 'Give',,,,2008-04-21T02:00:00+02:00,True,2008-04-21T02:00:00+02:00,1
106,{},custom,106,Reciprocal Constructions,,,,2008-04-21T02:00:00+02:00,True,2008-04-21T02:00:00+02:00,1
108,{},custom,108,Antipassive Constructions,,,,2008-04-21T02:00:00+02:00,True,2008-04-21T02:00:00+02:00,1
109,{},custom,109,Applicative Constructions,,,,2008-04-21T02:00:00+02:00,True,2008-04-21T02:00:00+02:00,1
110,{},custom,110,Periphrastic Causative Constructions,,,,2008-04-21T02:00:00+02:00,True,2008-04-21T02:00:00+02:00,1
111,{},custom,111,Nonperiphrastic Causative Constructions,,,,2008-04-21T02:00:00+02:00,True,2008-04-21T02:00:00+02:00,1
112,{},custom,112,Negative Morphemes,,,,2008-04-21T02:00:00+02:00,True,2008-04-21T02:00:00+02:00,1
113,{},custom,113,Symmetric and Asymmetric Standard Negation,,,,2008-04-21T02:00:00+02:00,True,2008-04-21T02:00:00+02:00,1
17,{},custom,17,Rhythm Types,,,,2008-04-21T02:00:00+02:00,True,2008-04-21T02:00:00+02:00,1
18,{},custom,18,Absence of Common Consonants,,,,2008-04-21T02:00:00+02:00,True,2008-04-21T02:00:00+02:00,1
19,{},custom,19,Presence of Uncommon Consonants,,,,2008-04-21T02:00:00+02:00,True,2008-04-21T02:00:00+02:00,1
20,{},custom,20,Fusion of Selected Inflectional Formatives,,,,2008-04-21T02:00:00+02:00,True,2008-04-21T02:00:00+02:00,1
21,{},custom,21,Exponence of Selected Inflectional Formatives,,,,2008-04-21T02:00:00+02:00,True,2008-04-21T02:00:00+02:00,1
22,{},custom,22,Inflectional Synthesis of the Verb,,,,2008-04-21T02:00:00+02:00,True,2008-04-21T02:00:00+02:00,1
23,{},custom,23,Locus of Marking in the Clause,,,,2008-04-21T02:00:00+02:00,True,2008-04-21T02:00:00+02:00,1
24,{},custom,24,Locus of Marking in Possessive Noun Phrases,,,,2008-04-21T02:00:00+02:00,True,2008-04-21T02:00:00+02:00,1
25,{},custom,25,Locus of Marking: Whole-language Typology,,,,2008-04-21T02:00:00+02:00,True,2008-04-21T02:00:00+02:00,1
26,{},custom,26,Prefixing vs. Suffixing in Inflectional Morphology,,,,2008-04-21T02:00:00+02:00,True,2008-04-21T02:00:00+02:00,1
28,{},custom,28,Case Syncretism,,,,2008-04-21T02:00:00+02:00,True,2008-04-21T02:00:00+02:00,1
29,{},custom,29,Syncretism in Verbal Person/Number Marking,,,,2008-04-21T02:00:00+02:00,True,2008-04-21T02:00:00+02:00,1
30,{},custom,30,Number of Genders,,,,2008-04-21T02:00:00+02:00,True,2008-04-21T02:00:00+02:00,1
31,{},custom,31,Sex-based and Non-sex-based Gender Systems,,,,2008-04-21T02:00:00+02:00,True,2008-04-21T02:00:00+02:00,1
32,{},custom,32,Systems of Gender Assignment,,,,2008-04-21T02:00:00+02:00,True,2008-04-21T02:00:00+02:00,1
33,{},custom,33,Coding of Nominal Plurality,,,,2008-04-21T02:00:00+02:00,True,2008-04-21T02:00:00+02:00,1
34,{},custom,34,Occurrence of Nominal Plurality,,,,2008-04-21T02:00:00+02:00,True,2008-04-21T02:00:00+02:00,1
35,{},custom,35,Plurality in Independent Personal Pronouns,,,,2008-04-21T02:00:00+02:00,True,2008-04-21T02:00:00+02:00,1
36,{},custom,36,The Associative Plural,,,,2008-04-21T02:00:00+02:00,True,2008-04-21T02:00:00+02:00,1
38,{},custom,38,Indefinite Articles,,,,2008-04-21T02:00:00+02:00,True,2008-04-21T02:00:00+02:00,1
39,{},custom,39,Inclusive/Exclusive Distinction in Independent Pronouns,,,,2008-04-21T02:00:00+02:00,True,2008-04-21T02:00:00+02:00,1
40,{},custom,40,Inclusive/Exclusive Distinction in Verbal Inflection,,,,2008-04-21T02:00:00+02:00,True,2008-04-21T02:00:00+02:00,1
41,{},custom,41,Distance Contrasts in Demonstratives,,,,2008-04-21T02:00:00+02:00,True,2008-04-21T02:00:00+02:00,1
42,{},custom,42,Pronominal and Adnominal Demonstratives,,,,2008-04-21T02:00:00+02:00,True,2008-04-21T02:00:00+02:00,1
43,{},custom,43,Third Person Pronouns and Demonstratives,,,,2008-04-21T02:00:00+02:00,True,2008-04-21T02:00:00+02:00,1
45,{},custom,45,Politeness Distinctions in Pronouns,,,,2008-04-21T02:00:00+02:00,True,2008-04-21T02:00:00+02:00,1
46,{},custom,46,Indefinite Pronouns,,,,2008-04-21T02:00:00+02:00,True,2008-04-21T02:00:00+02:00,1
47,{},custom,47,Intensifiers and Reflexive Pronouns,,,,2008-04-21T02:00:00+02:00,True,2008-04-21T02:00:00+02:00,1
51,{},custom,51,Position of Case Affixes,,,,2008-04-21T02:00:00+02:00,True,2008-04-21T02:00:00+02:00,1
52,{},custom,52,Comitatives and Instrumentals,,,,2008-04-21T02:00:00+02:00,True,2008-04-21T02:00:00+02:00,1
53,{},custom,53,Ordinal Numerals,,,,2008-04-21T02:00:00+02:00,True,2008-04-21T02:00:00+02:00,1
54,{},custom,54,Distributive Numerals,,,,2008-04-21T02:00:00+02:00,True,2008-04-21T02:00:00+02:00,1
55,{},custom,55,Numeral Classifiers,,,,2008-04-21T02:00:00+02:00,True,2008-04-21T02:00:00+02:00,1
56,{},custom,56,Conjunctions and Universal Quantifiers,,,,2008-04-21T02:00:00+02:00,True,2008-04-21T02:00:00+02:00,1
60,{},custom,60,"Genitives, Adjectives and Relative Clauses",,,,2008-04-21T02:00:00+02:00,True,2008-04-21T02:00:00+02:00,1
61,{},custom,61,Adjectives without Nouns,,,,2008-04-21T02:00:00+02:00,True,2008-04-21T02:00:00+02:00,1
62,{},custom,62,Action Nominal Constructions,,,,2008-04-21T02:00:00+02:00,True,2008-04-21T02:00:00+02:00,1
64,{},custom,64,Nominal and Verbal Conjunction,,,,2008-04-21T02:00:00+02:00,True,2008-04-21T02:00:00+02:00,1
65,{},custom,65,Perfective/Imperfective Aspect,,,,2008-04-21T02:00:00+02:00,True,2008-04-21T02:00:00+02:00,1
66,{},custom,66,The Past Tense,,,,2008-04-21T02:00:00+02:00,True,2008-04-21T02:00:00+02:00,1
67,{},custom,67,The Future Tense,,,,2008-04-21T02:00:00+02:00,True,2008-04-21T02:00:00+02:00,1
68,{},custom,68,The Perfect,,,,2008-04-21T02:00:00+02:00,True,2008-04-21T02:00:00+02:00,1
69,{},custom,69,Position of Tense-Aspect Affixes,,,,2008-04-21T02:00:00+02:00,True,2008-04-21T02:00:00+02:00,1
73,{},custom,73,The Optative,,,,2008-04-21T02:00:00+02:00,True,2008-04-21T02:00:00+02:00,1
77,{},custom,77,Semantic Distinctions of Evidentiality,,,,2008-04-21T02:00:00+02:00,True,2008-04-21T02:00:00+02:00,1
114,{},custom,114,Subtypes of Asymmetric Standard Negation,,,,2008-04-21T02:00:00+02:00,True,2008-04-21T02:00:00+02:00,1
115,{},custom,115,Negative Indefinite Pronouns and Predicate Negation,,,,2008-04-21T02:00:00+02:00,True,2008-04-21T02:00:00+02:00,1
118,{},custom,118,Predicative Adjectives,,,,2008-04-21T02:00:00+02:00,True,2008-04-21T02:00:00+02:00,1
119,{},custom,119,Nominal and Locational Predication,,,,2008-04-21T02:00:00+02:00,True,2008-04-21T02:00:00+02:00,1
120,{},custom,120,Zero Copula for Predicate Nominals,,,,2008-04-21T02:00:00+02:00,True,2008-04-21T02:00:00+02:00,1
122,{},custom,122,Relativization on Subjects,,,,2008-04-21T02:00:00+02:00,True,2008-04-21T02:00:00+02:00,1
123,{},custom,123,Relativization on Obliques,,,,2008-04-21T02:00:00+02:00,True,2008-04-21T02:00:00+02:00,1
124,{},custom,124,'Want' Complement Subjects,,,,2008-04-21T02:00:00+02:00,True,2008-04-21T02:00:00+02:00,1
129,{},custom,129,Hand and Arm,,,,2008-04-21T02:00:00+02:00,True,2008-04-21T02:00:00+02:00,1
130,{},custom,130,Finger and Hand,,,,2008-04-21T02:00:00+02:00,True,2008-04-21T02:00:00+02:00,1
132,{},custom,132,Number of Non-Derived Basic Colour Categories,,,,2008-04-21T02:00:00+02:00,True,2008-04-21T02:00:00+02:00,1
133,{},custom,133,Number of Basic Colour Categories,,,,2008-04-21T02:00:00+02:00,True,2008-04-21T02:00:00+02:00,1
134,{},custom,134,Green and Blue,,,,2008-04-21T02:00:00+02:00,True,2008-04-21T02:00:00+02:00,1
135,{},custom,135,Red and Yellow,,,,2008-04-21T02:00:00+02:00,True,2008-04-21T02:00:00+02:00,1
138,{},custom,138,Tea,,,,2008-04-21T02:00:00+02:00,True,2008-04-21T02:00:00+02:00,1
139,{},custom,139,Irregular Negatives in Sign Languages,,,,2008-04-21T02:00:00+02:00,True,2008-04-21T02:00:00+02:00,1
140,{},custom,140,Question Particles in Sign Languages,,,,2008-04-21T02:00:00+02:00,True,2008-04-21T02:00:00+02:00,1
141,{},custom,141,Writing Systems,,,,2008-04-21T02:00:00+02:00,True,2008-04-21T02:00:00+02:00,1
142,{},custom,142,Para-Linguistic Usages of Clicks,,,,2008-04-21T02:00:00+02:00,True,2008-04-21T02:00:00+02:00,1
145,{},custom,s1,Introduction,,,,2008-04-21T02:00:00+02:00,True,2008-04-21T02:00:00+02:00,1
146,{},custom,s4,Genealogical Language List,,,,2008-04-21T02:00:00+02:00,True,2008-04-21T02:00:00+02:00,1
147,{},custom,s5,Sampling Case and Tense Formatives,,,,2008-04-21T02:00:00+02:00,True,2008-04-21T02:00:00+02:00,1
148,{},custom,s6,Determining Dominant Word Order,,,,2008-04-21T02:00:00+02:00,True,2008-04-21T02:00:00+02:00,1
149,{},custom,s7,Tense and Aspect,,,,2008-04-21T02:00:00+02:00,True,2008-04-21T02:00:00+02:00,1
150,{},custom,s8,Relativization Strategies,,,,2008-04-21T02:00:00+02:00,True,2008-04-21T02:00:00+02:00,1
151,{},custom,s9,Sign Languages,,,,2008-04-21T02:00:00+02:00,True,2008-04-21T02:00:00+02:00,1
27,{},custom,27,Reduplication,,,,2013-11-14T10:26:36.235956+01:00,True,2008-04-21T02:00:00+02:00,2
131,{},custom,131,Numeral Bases,,,,2013-11-14T10:26:39.783355+01:00,True,2008-04-21T02:00:00+02:00,2
37,{},custom,37,Definite Articles,,,,2013-11-14T10:26:36.237165+01:00,True,2008-04-21T02:00:00+02:00,2
44,{},custom,44,Gender Distinctions in Independent Personal Pronouns,,,,2013-11-14T10:26:36.237626+01:00,True,2008-04-21T02:00:00+02:00,2
48,{},custom,48,Person Marking on Adpositions,,,,2013-11-14T10:26:36.238003+01:00,True,2008-04-21T02:00:00+02:00,2
49,{},custom,49,Number of Cases,,,,2013-11-14T10:26:36.238306+01:00,True,2008-04-21T02:00:00+02:00,2
50,{},custom,50,Asymmetrical Case-Marking,,,,2013-11-14T10:26:36.238581+01:00,True,2008-04-21T02:00:00+02:00,2
57,{},custom,57,Position of Pronominal Possessive Affixes,,,,2013-11-14T10:26:36.238847+01:00,True,2008-04-21T02:00:00+02:00,2
58,{},custom,58,Obligatory Possessive Inflection,,,,2013-11-14T10:26:36.239142+01:00,True,2008-04-21T02:00:00+02:00,2
59,{},custom,59,Possessive Classification,,,,2013-11-14T10:26:36.239499+01:00,True,2008-04-21T02:00:00+02:00,2
63,{},custom,63,Noun Phrase Conjunction,,,,2013-11-14T10:26:36.239853+01:00,True,2008-04-21T02:00:00+02:00,2
70,{},custom,70,The Morphological Imperative,,,,2013-11-14T10:26:36.240174+01:00,True,2008-04-21T02:00:00+02:00,2
71,{},custom,71,The Prohibitive,,,,2013-11-14T10:26:36.240473+01:00,True,2008-04-21T02:00:00+02:00,2
72,{},custom,72,Imperative-Hortative Systems,,,,2013-11-14T10:26:36.240720+01:00,True,2008-04-21T02:00:00+02:00,2
74,{},custom,74,Situational Possibility,,,,2013-11-14T10:26:36.240953+01:00,True,2008-04-21T02:00:00+02:00,2
75,{},custom,75,Epistemic Possibility,,,,2013-11-14T10:26:36.241259+01:00,True,2008-04-21T02:00:00+02:00,2
76,{},custom,76,Overlap between Situational and Epistemic Modal Marking,,,,2013-11-14T10:26:36.241741+01:00,True,2008-04-21T02:00:00+02:00,2
81,{},custom,81,"Order of Subject, Object and Verb",,,,2013-11-14T10:26:36.242216+01:00,True,2008-04-21T02:00:00+02:00,2
82,{},custom,82,Order of Subject and Verb,,,,2013-11-14T10:26:36.242671+01:00,True,2008-04-21T02:00:00+02:00,2
83,{},custom,83,Order of Object and Verb,,,,2013-11-14T10:26:36.243243+01:00,True,2008-04-21T02:00:00+02:00,2
86,{},custom,86,Order of Genitive and Noun,,,,2013-11-14T10:26:36.243781+01:00,True,2008-04-21T02:00:00+02:00,2
87,{},custom,87,Order of Adjective and Noun,,,,2013-11-14T10:26:36.244294+01:00,True,2008-04-21T02:00:00+02:00,2
88,{},custom,88,Order of Demonstrative and Noun,,,,2013-11-14T10:26:36.244760+01:00,True,2008-04-21T02:00:00+02:00,2
91,{},custom,91,Order of Degree Word and Adjective,,,,2013-11-14T10:26:36.245305+01:00,True,2008-04-21T02:00:00+02:00,2
92,{},custom,92,Position of Polar Question Particles,,,,2013-11-14T10:26:36.245863+01:00,True,2008-04-21T02:00:00+02:00,2
93,{},custom,93,Position of Interrogative Phrases in Content Questions,,,,2013-11-14T10:26:36.246369+01:00,True,2008-04-21T02:00:00+02:00,2
100,{},custom,100,Alignment of Verbal Person Marking,,,,2013-11-14T10:26:36.246871+01:00,True,2008-04-21T02:00:00+02:00,2
101,{},custom,101,Expression of Pronominal Subjects,,,,2013-11-14T10:26:36.247310+01:00,True,2008-04-21T02:00:00+02:00,2
102,{},custom,102,Verbal Person Marking,,,,2013-11-14T10:26:36.247819+01:00,True,2008-04-21T02:00:00+02:00,2
103,{},custom,103,Third Person Zero of Verbal Person Marking,,,,2013-11-14T10:26:36.248240+01:00,True,2008-04-21T02:00:00+02:00,2
104,{},custom,104,Order of Person Markers on the Verb,,,,2013-11-14T10:26:36.248671+01:00,True,2008-04-21T02:00:00+02:00,2
107,{},custom,107,Passive Constructions,,,,2013-11-14T10:26:36.249077+01:00,True,2008-04-21T02:00:00+02:00,2
116,{},custom,116,Polar Questions,,,,2013-11-14T10:26:36.249683+01:00,True,2008-04-21T02:00:00+02:00,2
117,{},custom,117,Predicative Possession,,,,2013-11-14T10:26:36.250207+01:00,True,2008-04-21T02:00:00+02:00,2
121,{},custom,121,Comparative Constructions,,,,2013-11-14T10:26:36.250706+01:00,True,2008-04-21T02:00:00+02:00,2
125,{},custom,125,Purpose Clauses,,,,2013-11-14T10:26:36.251200+01:00,True,2008-04-21T02:00:00+02:00,2
126,{},custom,126,'When' Clauses,,,,2013-11-14T10:26:36.251747+01:00,True,2008-04-21T02:00:00+02:00,2
127,{},custom,127,Reason Clauses,,,,2013-11-14T10:26:36.252233+01:00,True,2008-04-21T02:00:00+02:00,2
128,{},custom,128,Utterance Complement Clauses,,,,2013-11-14T10:26:36.252717+01:00,True,2008-04-21T02:00:00+02:00,2
136,{},custom,136,M-T Pronouns,,,,2013-11-14T10:26:36.253229+01:00,True,2008-04-21T02:00:00+02:00,2
137,{},custom,137,N-M Pronouns,,,,2013-11-14T10:26:36.253899+01:00,True,2008-04-21T02:00:00+02:00,2
143,{},custom,143,Order of Negative Morpheme and Verb,,,,2013-11-14T10:26:36.254589+01:00,True,2011-04-28T02:00:00+02:00,2
144,{},custom,144,"Position of Negative Morpheme With Respect to Subject, Object, and Verb",,,,2013-11-14T10:26:36.255188+01:00,True,2011-04-28T02:00:00+02:00,2
