pk,created,updated,active,jsondata,polymorphic_type,id,name,description,markup_description,date,version
88,2008-04-21T02:00:00+02:00,2008-04-21T02:00:00+02:00,True,,base,88,Order of Demonstrative and Noun,,,,1
117,2008-04-21T02:00:00+02:00,2008-04-21T02:00:00+02:00,True,,base,117,Predicative Possession,,,,1
37,2008-04-21T02:00:00+02:00,2008-04-21T02:00:00+02:00,True,,base,37,Definite Articles,,,,1
116,2008-04-21T02:00:00+02:00,2008-04-21T02:00:00+02:00,True,,base,116,Polar Questions,,,,1
48,2008-04-21T02:00:00+02:00,2008-04-21T02:00:00+02:00,True,,base,48,Person Marking on Adpositions,,,,1
83,2008-04-21T02:00:00+02:00,2008-04-21T02:00:00+02:00,True,,base,83,Order of Object and Verb,,,,1
125,2008-04-21T02:00:00+02:00,2008-04-21T02:00:00+02:00,True,,base,125,Purpose Clauses,,,,1
63,2008-04-21T02:00:00+02:00,2008-04-21T02:00:00+02:00,True,,base,63,Noun Phrase Conjunction,,,,1
44,2008-04-21T02:00:00+02:00,2008-04-21T02:00:00+02:00,True,,base,44,Gender Distinctions in Independent Personal Pronouns,,,,1
102,2008-04-21T02:00:00+02:00,2008-04-21T02:00:00+02:00,True,,base,102,Verbal Person Marking,,,,1
27,2008-04-21T02:00:00+02:00,2008-04-21T02:00:00+02:00,True,,base,27,Reduplication,,,,1
103,2008-04-21T02:00:00+02:00,2008-04-21T02:00:00+02:00,True,,base,103,Third Person Zero of Verbal Person Marking,,,,1
57,2008-04-21T02:00:00+02:00,2008-04-21T02:00:00+02:00,True,,base,57,Position of Pronominal Possessive Affixes,,,,1
100,2008-04-21T02:00:00+02:00,2008-04-21T02:00:00+02:00,True,,base,100,Alignment of Verbal Person Marking,,,,1
143,2011-04-28T02:00:00+02:00,2011-04-28T02:00:00+02:00,True,,base,143,Order of Negative Morpheme and Verb,,,,1
49,2008-04-21T02:00:00+02:00,2008-04-21T02:00:00+02:00,True,,base,49,Number of Cases,,,,1
81,2008-04-21T02:00:00+02:00,2008-04-21T02:00:00+02:00,True,,base,81,"Order of Subject, Object and Verb",,,,1
104,2008-04-21T02:00:00+02:00,2008-04-21T02:00:00+02:00,True,,base,104,Order of Person Markers on the Verb,,,,1
76,2008-04-21T02:00:00+02:00,2008-04-21T02:00:00+02:00,True,,base,76,Overlap between Situational and Epistemic Modal Marking,,,,1
92,2008-04-21T02:00:00+02:00,2008-04-21T02:00:00+02:00,True,,base,92,Position of Polar Question Particles,,,,1
72,2008-04-21T02:00:00+02:00,2008-04-21T02:00:00+02:00,True,,base,72,Imperative-Hortative Systems,,,,1
144,2011-04-28T02:00:00+02:00,2011-04-28T02:00:00+02:00,True,,base,144,"Position of Negative Morpheme With Respect to Subject, Object, and Verb",,,,1
71,2008-04-21T02:00:00+02:00,2008-04-21T02:00:00+02:00,True,,base,71,The Prohibitive,,,,1
82,2008-04-21T02:00:00+02:00,2008-04-21T02:00:00+02:00,True,,base,82,Order of Subject and Verb,,,,1
101,2008-04-21T02:00:00+02:00,2008-04-21T02:00:00+02:00,True,,base,101,Expression of Pronominal Subjects,,,,1
126,2008-04-21T02:00:00+02:00,2008-04-21T02:00:00+02:00,True,,base,126,'When' Clauses,,,,1
121,2008-04-21T02:00:00+02:00,2008-04-21T02:00:00+02:00,True,,base,121,Comparative Constructions,,,,1
50,2008-04-21T02:00:00+02:00,2008-04-21T02:00:00+02:00,True,,base,50,Asymmetrical Case-Marking,,,,1
93,2008-04-21T02:00:00+02:00,2008-04-21T02:00:00+02:00,True,,base,93,Position of Interrogative Phrases in Content Questions,,,,1
59,2008-04-21T02:00:00+02:00,2008-04-21T02:00:00+02:00,True,,base,59,Possessive Classification,,,,1
107,2008-04-21T02:00:00+02:00,2008-04-21T02:00:00+02:00,True,,base,107,Passive Constructions,,,,1
91,2008-04-21T02:00:00+02:00,2008-04-21T02:00:00+02:00,True,,base,91,Order of Degree Word and Adjective,,,,1
87,2008-04-21T02:00:00+02:00,2008-04-21T02:00:00+02:00,True,,base,87,Order of Adjective and Noun,,,,1
128,2008-04-21T02:00:00+02:00,2008-04-21T02:00:00+02:00,True,,base,128,Utterance Complement Clauses,,,,1
127,2008-04-21T02:00:00+02:00,2008-04-21T02:00:00+02:00,True,,base,127,Reason Clauses,,,,1
58,2008-04-21T02:00:00+02:00,2008-04-21T02:00:00+02:00,True,,base,58,Obligatory Possessive Inflection,,,,1
70,2008-04-21T02:00:00+02:00,2008-04-21T02:00:00+02:00,True,,base,70,The Morphological Imperative,,,,1
137,2008-04-21T02:00:00+02:00,2008-04-21T02:00:00+02:00,True,,base,137,N-M Pronouns,,,,1
136,2008-04-21T02:00:00+02:00,2008-04-21T02:00:00+02:00,True,,base,136,M-T Pronouns,,,,1
75,2008-04-21T02:00:00+02:00,2008-04-21T02:00:00+02:00,True,,base,75,Epistemic Possibility,,,,1
86,2008-04-21T02:00:00+02:00,2008-04-21T02:00:00+02:00,True,,base,86,Order of Genitive and Noun,,,,1
74,2008-04-21T02:00:00+02:00,2008-04-21T02:00:00+02:00,True,,base,74,Situational Possibility,,,,1
131,2008-04-21T02:00:00+02:00,2008-04-21T02:00:00+02:00,True,,base,131,Numeral Bases,,,,1
