pk,created,updated,active,jsondata,polymorphic_type,id,name,description,markup_description,date,version
1,2008-04-21T02:00:00+02:00,2008-04-21T02:00:00+02:00,True,,base,1,Consonant Inventories,,,,1
2,2008-04-21T02:00:00+02:00,2008-04-21T02:00:00+02:00,True,,base,2,Vowel Quality Inventories,,,,1
3,2008-04-21T02:00:00+02:00,2008-04-21T02:00:00+02:00,True,,base,3,Consonant-Vowel Ratio,,,,1
4,2008-04-21T02:00:00+02:00,2008-04-21T02:00:00+02:00,True,,base,4,Voicing in Plosives and Fricatives,,,,1
5,2008-04-21T02:00:00+02:00,2008-04-21T02:00:00+02:00,True,,base,5,Voicing and Gaps in Plosive Systems,,,,1
6,2008-04-21T02:00:00+02:00,2008-04-21T02:00:00+02:00,True,,base,6,Uvular Consonants,,,,1
7,2008-04-21T02:00:00+02:00,2008-04-21T02:00:00+02:00,True,,base,7,Glottalized Consonants,,,,1
8,2008-04-21T02:00:00+02:00,2008-04-21T02:00:00+02:00,True,,base,8,Lateral Consonants,,,,1
9,2008-04-21T02:00:00+02:00,2008-04-21T02:00:00+02:00,True,,base,9,The Velar Nasal,,,,1
10,2008-04-21T02:00:00+02:00,2008-04-21T02:00:00+02:00,True,,base,10,Vowel Nasalization,,,,1
11,2008-04-21T02:00:00+02:00,2008-04-21T02:00:00+02:00,True,,base,11,Front Rounded Vowels,,,,1
12,2008-04-21T02:00:00+02:00,2008-04-21T02:00:00+02:00,True,,base,12,Syllable Structure,,,,1
13,2008-04-21T02:00:00+02:00,2008-04-21T02:00:00+02:00,True,,base,13,Tone,,,,1
14,2008-04-21T02:00:00+02:00,2008-04-21T02:00:00+02:00,True,,base,14,Fixed Stress Locations,,,,1
15,2008-04-21T02:00:00+02:00,2008-04-21T02:00:00+02:00,True,,base,15,Weight-Sensitive Stress,,,,1
16,2008-04-21T02:00:00+02:00,2008-04-21T02:00:00+02:00,True,,base,16,Weight Factors in Weight-Sensitive Stress Systems,,,,1
17,2008-04-21T02:00:00+02:00,2008-04-21T02:00:00+02:00,True,,base,17,Rhythm Types,,,,1
18,2008-04-21T02:00:00+02:00,2008-04-21T02:00:00+02:00,True,,base,18,Absence of Common Consonants,,,,1
19,2008-04-21T02:00:00+02:00,2008-04-21T02:00:00+02:00,True,,base,19,Presence of Uncommon Consonants,,,,1
20,2008-04-21T02:00:00+02:00,2008-04-21T02:00:00+02:00,True,,base,20,Fusion of Selected Inflectional Formatives,,,,1
21,2008-04-21T02:00:00+02:00,2008-04-21T02:00:00+02:00,True,,base,21,Exponence of Selected Inflectional Formatives,,,,1
22,2008-04-21T02:00:00+02:00,2008-04-21T02:00:00+02:00,True,,base,22,Inflectional Synthesis of the Verb,,,,1
23,2008-04-21T02:00:00+02:00,2008-04-21T02:00:00+02:00,True,,base,23,Locus of Marking in the Clause,,,,1
24,2008-04-21T02:00:00+02:00,2008-04-21T02:00:00+02:00,True,,base,24,Locus of Marking in Possessive Noun Phrases,,,,1
25,2008-04-21T02:00:00+02:00,2008-04-21T02:00:00+02:00,True,,base,25,Locus of Marking: Whole-language Typology,,,,1
26,2008-04-21T02:00:00+02:00,2008-04-21T02:00:00+02:00,True,,base,26,Prefixing vs. Suffixing in Inflectional Morphology,,,,1
28,2008-04-21T02:00:00+02:00,2008-04-21T02:00:00+02:00,True,,base,28,Case Syncretism,,,,1
29,2008-04-21T02:00:00+02:00,2008-04-21T02:00:00+02:00,True,,base,29,Syncretism in Verbal Person/Number Marking,,,,1
30,2008-04-21T02:00:00+02:00,2008-04-21T02:00:00+02:00,True,,base,30,Number of Genders,,,,1
31,2008-04-21T02:00:00+02:00,2008-04-21T02:00:00+02:00,True,,base,31,Sex-based and Non-sex-based Gender Systems,,,,1
32,2008-04-21T02:00:00+02:00,2008-04-21T02:00:00+02:00,True,,base,32,Systems of Gender Assignment,,,,1
33,2008-04-21T02:00:00+02:00,2008-04-21T02:00:00+02:00,True,,base,33,Coding of Nominal Plurality,,,,1
34,2008-04-21T02:00:00+02:00,2008-04-21T02:00:00+02:00,True,,base,34,Occurrence of Nominal Plurality,,,,1
35,2008-04-21T02:00:00+02:00,2008-04-21T02:00:00+02:00,True,,base,35,Plurality in Independent Personal Pronouns,,,,1
36,2008-04-21T02:00:00+02:00,2008-04-21T02:00:00+02:00,True,,base,36,The Associative Plural,,,,1
38,2008-04-21T02:00:00+02:00,2008-04-21T02:00:00+02:00,True,,base,38,Indefinite Articles,,,,1
39,2008-04-21T02:00:00+02:00,2008-04-21T02:00:00+02:00,True,,base,39,Inclusive/Exclusive Distinction in Independent Pronouns,,,,1
40,2008-04-21T02:00:00+02:00,2008-04-21T02:00:00+02:00,True,,base,40,Inclusive/Exclusive Distinction in Verbal Inflection,,,,1
41,2008-04-21T02:00:00+02:00,2008-04-21T02:00:00+02:00,True,,base,41,Distance Contrasts in Demonstratives,,,,1
42,2008-04-21T02:00:00+02:00,2008-04-21T02:00:00+02:00,True,,base,42,Pronominal and Adnominal Demonstratives,,,,1
43,2008-04-21T02:00:00+02:00,2008-04-21T02:00:00+02:00,True,,base,43,Third Person Pronouns and Demonstratives,,,,1
45,2008-04-21T02:00:00+02:00,2008-04-21T02:00:00+02:00,True,,base,45,Politeness Distinctions in Pronouns,,,,1
46,2008-04-21T02:00:00+02:00,2008-04-21T02:00:00+02:00,True,,base,46,Indefinite Pronouns,,,,1
47,2008-04-21T02:00:00+02:00,2008-04-21T02:00:00+02:00,True,,base,47,Intensifiers and Reflexive Pronouns,,,,1
51,2008-04-21T02:00:00+02:00,2008-04-21T02:00:00+02:00,True,,base,51,Position of Case Affixes,,,,1
52,2008-04-21T02:00:00+02:00,2008-04-21T02:00:00+02:00,True,,base,52,Comitatives and Instrumentals,,,,1
53,2008-04-21T02:00:00+02:00,2008-04-21T02:00:00+02:00,True,,base,53,Ordinal Numerals,,,,1
54,2008-04-21T02:00:00+02:00,2008-04-21T02:00:00+02:00,True,,base,54,Distributive Numerals,,,,1
55,2008-04-21T02:00:00+02:00,2008-04-21T02:00:00+02:00,True,,base,55,Numeral Classifiers,,,,1
56,2008-04-21T02:00:00+02:00,2008-04-21T02:00:00+02:00,True,,base,56,Conjunctions and Universal Quantifiers,,,,1
60,2008-04-21T02:00:00+02:00,2008-04-21T02:00:00+02:00,True,,base,60,"Genitives, Adjectives and Relative Clauses",,,,1
61,2008-04-21T02:00:00+02:00,2008-04-21T02:00:00+02:00,True,,base,61,Adjectives without Nouns,,,,1
62,2008-04-21T02:00:00+02:00,2008-04-21T02:00:00+02:00,True,,base,62,Action Nominal Constructions,,,,1
64,2008-04-21T02:00:00+02:00,2008-04-21T02:00:00+02:00,True,,base,64,Nominal and Verbal Conjunction,,,,1
65,2008-04-21T02:00:00+02:00,2008-04-21T02:00:00+02:00,True,,base,65,Perfective/Imperfective Aspect,,,,1
66,2008-04-21T02:00:00+02:00,2008-04-21T02:00:00+02:00,True,,base,66,The Past Tense,,,,1
67,2008-04-21T02:00:00+02:00,2008-04-21T02:00:00+02:00,True,,base,67,The Future Tense,,,,1
68,2008-04-21T02:00:00+02:00,2008-04-21T02:00:00+02:00,True,,base,68,The Perfect,,,,1
69,2008-04-21T02:00:00+02:00,2008-04-21T02:00:00+02:00,True,,base,69,Position of Tense-Aspect Affixes,,,,1
73,2008-04-21T02:00:00+02:00,2008-04-21T02:00:00+02:00,True,,base,73,The Optative,,,,1
77,2008-04-21T02:00:00+02:00,2008-04-21T02:00:00+02:00,True,,base,77,Semantic Distinctions of Evidentiality,,,,1
78,2008-04-21T02:00:00+02:00,2008-04-21T02:00:00+02:00,True,,base,78,Coding of Evidentiality,,,,1
79,2008-04-21T02:00:00+02:00,2008-04-21T02:00:00+02:00,True,,base,79,Suppletion According to Tense and Aspect,,,,1
80,2008-04-21T02:00:00+02:00,2008-04-21T02:00:00+02:00,True,,base,80,Verbal Number and Suppletion,,,,1
84,2008-04-21T02:00:00+02:00,2008-04-21T02:00:00+02:00,True,,base,84,"Order of Object, Oblique, and Verb",,,,1
85,2008-04-21T02:00:00+02:00,2008-04-21T02:00:00+02:00,True,,base,85,Order of Adposition and Noun Phrase,,,,1
89,2008-04-21T02:00:00+02:00,2008-04-21T02:00:00+02:00,True,,base,89,Order of Numeral and Noun,,,,1
90,2008-04-21T02:00:00+02:00,2008-04-21T02:00:00+02:00,True,,base,90,Order of Relative Clause and Noun,,,,1
94,2008-04-21T02:00:00+02:00,2008-04-21T02:00:00+02:00,True,,base,94,Order of Adverbial Subordinator and Clause,,,,1
95,2008-04-21T02:00:00+02:00,2008-04-21T02:00:00+02:00,True,,base,95,Relationship between the Order of Object and Verb and the Order of Adposition and Noun Phrase,,,,1
96,2008-04-21T02:00:00+02:00,2008-04-21T02:00:00+02:00,True,,base,96,Relationship between the Order of Object and Verb and the Order of Relative Clause and Noun,,,,1
97,2008-04-21T02:00:00+02:00,2008-04-21T02:00:00+02:00,True,,base,97,Relationship between the Order of Object and Verb and the Order of Adjective and Noun,,,,1
98,2008-04-21T02:00:00+02:00,2008-04-21T02:00:00+02:00,True,,base,98,Alignment of Case Marking of Full Noun Phrases,,,,1
99,2008-04-21T02:00:00+02:00,2008-04-21T02:00:00+02:00,True,,base,99,Alignment of Case Marking of Pronouns,,,,1
105,2008-04-21T02:00:00+02:00,2008-04-21T02:00:00+02:00,True,,base,105,Ditransitive Constructions: The Verb 'Give',,,,1
106,2008-04-21T02:00:00+02:00,2008-04-21T02:00:00+02:00,True,,base,106,Reciprocal Constructions,,,,1
108,2008-04-21T02:00:00+02:00,2008-04-21T02:00:00+02:00,True,,base,108,Antipassive Constructions,,,,1
109,2008-04-21T02:00:00+02:00,2008-04-21T02:00:00+02:00,True,,base,109,Applicative Constructions,,,,1
110,2008-04-21T02:00:00+02:00,2008-04-21T02:00:00+02:00,True,,base,110,Periphrastic Causative Constructions,,,,1
111,2008-04-21T02:00:00+02:00,2008-04-21T02:00:00+02:00,True,,base,111,Nonperiphrastic Causative Constructions,,,,1
112,2008-04-21T02:00:00+02:00,2008-04-21T02:00:00+02:00,True,,base,112,Negative Morphemes,,,,1
113,2008-04-21T02:00:00+02:00,2008-04-21T02:00:00+02:00,True,,base,113,Symmetric and Asymmetric Standard Negation,,,,1
114,2008-04-21T02:00:00+02:00,2008-04-21T02:00:00+02:00,True,,base,114,Subtypes of Asymmetric Standard Negation,,,,1
115,2008-04-21T02:00:00+02:00,2008-04-21T02:00:00+02:00,True,,base,115,Negative Indefinite Pronouns and Predicate Negation,,,,1
118,2008-04-21T02:00:00+02:00,2008-04-21T02:00:00+02:00,True,,base,118,Predicative Adjectives,,,,1
119,2008-04-21T02:00:00+02:00,2008-04-21T02:00:00+02:00,True,,base,119,Nominal and Locational Predication,,,,1
120,2008-04-21T02:00:00+02:00,2008-04-21T02:00:00+02:00,True,,base,120,Zero Copula for Predicate Nominals,,,,1
122,2008-04-21T02:00:00+02:00,2008-04-21T02:00:00+02:00,True,,base,122,Relativization on Subjects,,,,1
123,2008-04-21T02:00:00+02:00,2008-04-21T02:00:00+02:00,True,,base,123,Relativization on Obliques,,,,1
124,2008-04-21T02:00:00+02:00,2008-04-21T02:00:00+02:00,True,,base,124,'Want' Complement Subjects,,,,1
129,2008-04-21T02:00:00+02:00,2008-04-21T02:00:00+02:00,True,,base,129,Hand and Arm,,,,1
130,2008-04-21T02:00:00+02:00,2008-04-21T02:00:00+02:00,True,,base,130,Finger and Hand,,,,1
132,2008-04-21T02:00:00+02:00,2008-04-21T02:00:00+02:00,True,,base,132,Number of Non-Derived Basic Colour Categories,,,,1
133,2008-04-21T02:00:00+02:00,2008-04-21T02:00:00+02:00,True,,base,133,Number of Basic Colour Categories,,,,1
134,2008-04-21T02:00:00+02:00,2008-04-21T02:00:00+02:00,True,,base,134,Green and Blue,,,,1
135,2008-04-21T02:00:00+02:00,2008-04-21T02:00:00+02:00,True,,base,135,Red and Yellow,,,,1
138,2008-04-21T02:00:00+02:00,2008-04-21T02:00:00+02:00,True,,base,138,Tea,,,,1
139,2008-04-21T02:00:00+02:00,2008-04-21T02:00:00+02:00,True,,base,139,Irregular Negatives in Sign Languages,,,,1
140,2008-04-21T02:00:00+02:00,2008-04-21T02:00:00+02:00,True,,base,140,Question Particles in Sign Languages,,,,1
141,2008-04-21T02:00:00+02:00,2008-04-21T02:00:00+02:00,True,,base,141,Writing Systems,,,,1
142,2008-04-21T02:00:00+02:00,2008-04-21T02:00:00+02:00,True,,base,142,Para-Linguistic Usages of Clicks,,,,1
145,2008-04-21T02:00:00+02:00,2008-04-21T02:00:00+02:00,True,,base,s1,Introduction,,,,1
146,2008-04-21T02:00:00+02:00,2008-04-21T02:00:00+02:00,True,,base,s4,Genealogical Language List,,,,1
147,2008-04-21T02:00:00+02:00,2008-04-21T02:00:00+02:00,True,,base,s5,Sampling Case and Tense Formatives,,,,1
148,2008-04-21T02:00:00+02:00,2008-04-21T02:00:00+02:00,True,,base,s6,Determining Dominant Word Order,,,,1
149,2008-04-21T02:00:00+02:00,2008-04-21T02:00:00+02:00,True,,base,s7,Tense and Aspect,,,,1
150,2008-04-21T02:00:00+02:00,2008-04-21T02:00:00+02:00,True,,base,s8,Relativization Strategies,,,,1
151,2008-04-21T02:00:00+02:00,2008-04-21T02:00:00+02:00,True,,base,s9,Sign Languages,,,,1
27,2008-04-21T02:00:00+02:00,2013-11-14T10:26:36.235956+01:00,True,,base,27,Reduplication,,,,2
131,2008-04-21T02:00:00+02:00,2013-11-14T10:26:39.783355+01:00,True,,base,131,Numeral Bases,,,,2
37,2008-04-21T02:00:00+02:00,2013-11-14T10:26:36.237165+01:00,True,,base,37,Definite Articles,,,,2
44,2008-04-21T02:00:00+02:00,2013-11-14T10:26:36.237626+01:00,True,,base,44,Gender Distinctions in Independent Personal Pronouns,,,,2
48,2008-04-21T02:00:00+02:00,2013-11-14T10:26:36.238003+01:00,True,,base,48,Person Marking on Adpositions,,,,2
49,2008-04-21T02:00:00+02:00,2013-11-14T10:26:36.238306+01:00,True,,base,49,Number of Cases,,,,2
50,2008-04-21T02:00:00+02:00,2013-11-14T10:26:36.238581+01:00,True,,base,50,Asymmetrical Case-Marking,,,,2
57,2008-04-21T02:00:00+02:00,2013-11-14T10:26:36.238847+01:00,True,,base,57,Position of Pronominal Possessive Affixes,,,,2
58,2008-04-21T02:00:00+02:00,2013-11-14T10:26:36.239142+01:00,True,,base,58,Obligatory Possessive Inflection,,,,2
59,2008-04-21T02:00:00+02:00,2013-11-14T10:26:36.239499+01:00,True,,base,59,Possessive Classification,,,,2
63,2008-04-21T02:00:00+02:00,2013-11-14T10:26:36.239853+01:00,True,,base,63,Noun Phrase Conjunction,,,,2
70,2008-04-21T02:00:00+02:00,2013-11-14T10:26:36.240174+01:00,True,,base,70,The Morphological Imperative,,,,2
71,2008-04-21T02:00:00+02:00,2013-11-14T10:26:36.240473+01:00,True,,base,71,The Prohibitive,,,,2
72,2008-04-21T02:00:00+02:00,2013-11-14T10:26:36.240720+01:00,True,,base,72,Imperative-Hortative Systems,,,,2
74,2008-04-21T02:00:00+02:00,2013-11-14T10:26:36.240953+01:00,True,,base,74,Situational Possibility,,,,2
75,2008-04-21T02:00:00+02:00,2013-11-14T10:26:36.241259+01:00,True,,base,75,Epistemic Possibility,,,,2
76,2008-04-21T02:00:00+02:00,2013-11-14T10:26:36.241741+01:00,True,,base,76,Overlap between Situational and Epistemic Modal Marking,,,,2
81,2008-04-21T02:00:00+02:00,2013-11-14T10:26:36.242216+01:00,True,,base,81,"Order of Subject, Object and Verb",,,,2
82,2008-04-21T02:00:00+02:00,2013-11-14T10:26:36.242671+01:00,True,,base,82,Order of Subject and Verb,,,,2
83,2008-04-21T02:00:00+02:00,2013-11-14T10:26:36.243243+01:00,True,,base,83,Order of Object and Verb,,,,2
86,2008-04-21T02:00:00+02:00,2013-11-14T10:26:36.243781+01:00,True,,base,86,Order of Genitive and Noun,,,,2
87,2008-04-21T02:00:00+02:00,2013-11-14T10:26:36.244294+01:00,True,,base,87,Order of Adjective and Noun,,,,2
88,2008-04-21T02:00:00+02:00,2013-11-14T10:26:36.244760+01:00,True,,base,88,Order of Demonstrative and Noun,,,,2
91,2008-04-21T02:00:00+02:00,2013-11-14T10:26:36.245305+01:00,True,,base,91,Order of Degree Word and Adjective,,,,2
92,2008-04-21T02:00:00+02:00,2013-11-14T10:26:36.245863+01:00,True,,base,92,Position of Polar Question Particles,,,,2
93,2008-04-21T02:00:00+02:00,2013-11-14T10:26:36.246369+01:00,True,,base,93,Position of Interrogative Phrases in Content Questions,,,,2
100,2008-04-21T02:00:00+02:00,2013-11-14T10:26:36.246871+01:00,True,,base,100,Alignment of Verbal Person Marking,,,,2
101,2008-04-21T02:00:00+02:00,2013-11-14T10:26:36.247310+01:00,True,,base,101,Expression of Pronominal Subjects,,,,2
102,2008-04-21T02:00:00+02:00,2013-11-14T10:26:36.247819+01:00,True,,base,102,Verbal Person Marking,,,,2
103,2008-04-21T02:00:00+02:00,2013-11-14T10:26:36.248240+01:00,True,,base,103,Third Person Zero of Verbal Person Marking,,,,2
104,2008-04-21T02:00:00+02:00,2013-11-14T10:26:36.248671+01:00,True,,base,104,Order of Person Markers on the Verb,,,,2
107,2008-04-21T02:00:00+02:00,2013-11-14T10:26:36.249077+01:00,True,,base,107,Passive Constructions,,,,2
116,2008-04-21T02:00:00+02:00,2013-11-14T10:26:36.249683+01:00,True,,base,116,Polar Questions,,,,2
117,2008-04-21T02:00:00+02:00,2013-11-14T10:26:36.250207+01:00,True,,base,117,Predicative Possession,,,,2
121,2008-04-21T02:00:00+02:00,2013-11-14T10:26:36.250706+01:00,True,,base,121,Comparative Constructions,,,,2
125,2008-04-21T02:00:00+02:00,2013-11-14T10:26:36.251200+01:00,True,,base,125,Purpose Clauses,,,,2
126,2008-04-21T02:00:00+02:00,2013-11-14T10:26:36.251747+01:00,True,,base,126,'When' Clauses,,,,2
127,2008-04-21T02:00:00+02:00,2013-11-14T10:26:36.252233+01:00,True,,base,127,Reason Clauses,,,,2
128,2008-04-21T02:00:00+02:00,2013-11-14T10:26:36.252717+01:00,True,,base,128,Utterance Complement Clauses,,,,2
136,2008-04-21T02:00:00+02:00,2013-11-14T10:26:36.253229+01:00,True,,base,136,M-T Pronouns,,,,2
137,2008-04-21T02:00:00+02:00,2013-11-14T10:26:36.253899+01:00,True,,base,137,N-M Pronouns,,,,2
143,2011-04-28T02:00:00+02:00,2013-11-14T10:26:36.254589+01:00,True,,base,143,Order of Negative Morpheme and Verb,,,,2
144,2011-04-28T02:00:00+02:00,2013-11-14T10:26:36.255188+01:00,True,,base,144,"Position of Negative Morpheme With Respect to Subject, Object, and Verb",,,,2
