pk,created,updated,active,jsondata,polymorphic_type,id,name,description,markup_description,url,email,address,version
1,2008-04-21T02:00:00+02:00,2008-04-21T02:00:00+02:00,True,,base,maddiesoni,Ian Maddieson,,,http://linguistics.berkeley.edu/people/person_detail.php?person=23,,,1
2,2008-04-21T02:00:00+02:00,2008-04-21T02:00:00+02:00,True,,base,andersongds,Gregory D.S. Anderson,,,http://www.livingtongues.org/aboutus.html,,,1
3,2008-04-21T02:00:00+02:00,2008-04-21T02:00:00+02:00,True,,base,hajekj,John Hajek,,,http://www.languages.unimelb.edu.au/about/staff/profiles/hajek.html,,,1
4,2008-04-21T02:00:00+02:00,2008-04-21T02:00:00+02:00,True,,base,goedemansr,Rob Goedemans,,,http://website.leidenuniv.nl/~goedemansrwn/,,,1
5,2008-04-21T02:00:00+02:00,2008-04-21T02:00:00+02:00,True,,base,vanderhulsth,Harry van der Hulst,,,http://www.linguistics.uconn.edu/People/vanderhulst.html,,,1
6,2008-04-21T02:00:00+02:00,2008-04-21T02:00:00+02:00,True,,base,bickelb,Balthasar Bickel,,,http://www.uni-leipzig.de/~bickel/,,,1
7,2008-04-21T02:00:00+02:00,2008-04-21T02:00:00+02:00,True,,base,nicholsj,Johanna Nichols,,,http://socrates.berkeley.edu/~jbn/,,,1
8,2008-04-21T02:00:00+02:00,2008-04-21T02:00:00+02:00,True,,base,dryerms,Matthew S. Dryer,,,http://linguistics.buffalo.edu/people/faculty/dryer/dryer/dryer.htm,,,1
9,2008-04-21T02:00:00+02:00,2008-04-21T02:00:00+02:00,True,,base,rubinoc,Carl Rubino,,,http://iloko.tripod.com/,,,1
10,2008-04-21T02:00:00+02:00,2008-04-21T02:00:00+02:00,True,,base,baermanm,Matthew Baerman,,,http://www.defectiveness.surrey.ac.uk/Baerman/,,,1
11,2008-04-21T02:00:00+02:00,2008-04-21T02:00:00+02:00,True,,base,brownd,Dunstan Brown,,,http://www.surrey.ac.uk/cmc/staff-profiles/brown-dunstan.htm,,,1
12,2008-04-21T02:00:00+02:00,2008-04-21T02:00:00+02:00,True,,base,corbettgg,Greville G. Corbett,,,http://www.surrey.ac.uk/LIS/SMG/gcorbett.htm,,,1
13,2008-04-21T02:00:00+02:00,2008-04-21T02:00:00+02:00,True,,base,haspelmathm,Martin Haspelmath,,,http://www.eva.mpg.de/lingua/staff/haspelmath.php,,,1
14,2008-04-21T02:00:00+02:00,2008-04-21T02:00:00+02:00,True,,base,danielm,Michael Daniel,,,,,,1
15,2008-04-21T02:00:00+02:00,2008-04-21T02:00:00+02:00,True,,base,moravcsike,Edith Moravcsik,,,http://www4.uwm.edu/letsci/linguistics/faculty/moravcsik.cfm,,,1
16,2008-04-21T02:00:00+02:00,2008-04-21T02:00:00+02:00,True,,base,cysouwm,Michael Cysouw,,,http://web.mac.com/cysouw/home/index.html,,,1
17,2008-04-21T02:00:00+02:00,2008-04-21T02:00:00+02:00,True,,base,diesselh,Holger Diessel,,,http://www.personal.uni-jena.de/~x4diho/index.html,,,1
18,2008-04-21T02:00:00+02:00,2008-04-21T02:00:00+02:00,True,,base,bhatdns,D.N.S. Bhat,,,,,,1
19,2008-04-21T02:00:00+02:00,2008-04-21T02:00:00+02:00,True,,base,siewierskaa,Anna Siewierska,,,http://www.ling.lancs.ac.uk/profiles/299/,,,1
20,2008-04-21T02:00:00+02:00,2008-04-21T02:00:00+02:00,True,,base,helmbrechtj,Johannes Helmbrecht,,,http://www-avs.uni-regensburg.de/johannes_helmbrecht.htm,,,1
21,2008-04-21T02:00:00+02:00,2008-04-21T02:00:00+02:00,True,,base,konige,Ekkehard König,,,http://userpages.fu-berlin.de/~koenig/,,,1
22,2008-04-21T02:00:00+02:00,2008-04-21T02:00:00+02:00,True,,base,siemundp,Peter Siemund,,,http://www1.uni-hamburg.de/peter.siemund/,,,1
23,2008-04-21T02:00:00+02:00,2008-04-21T02:00:00+02:00,True,,base,toppers,Stephan Töpper,,,http://www.fu-berlin.de/presse/wir/index.html,,,1
24,2008-04-21T02:00:00+02:00,2008-04-21T02:00:00+02:00,True,,base,bakkerd,Dik Bakker,,,http://home.medewerker.uva.nl/d.bakker/,,,1
25,2008-04-21T02:00:00+02:00,2008-04-21T02:00:00+02:00,True,,base,iggesenoa,Oliver A. Iggesen,,,,,,1
26,2008-04-21T02:00:00+02:00,2008-04-21T02:00:00+02:00,True,,base,stolzt,Thomas Stolz,,,http://www.fb10.uni-bremen.de/homepages/stolz/default.htm,,,1
27,2008-04-21T02:00:00+02:00,2008-04-21T02:00:00+02:00,True,,base,strohc,Cornelia Stroh,,,http://www.fb10.uni-bremen.de/lehrpersonal/stroh.aspx,,,1
28,2008-04-21T02:00:00+02:00,2008-04-21T02:00:00+02:00,True,,base,urdzea,Aina Urdze,,,http://www.fb10.uni-bremen.de/lehrpersonal/urdze.aspx,,,1
29,2008-04-21T02:00:00+02:00,2008-04-21T02:00:00+02:00,True,,base,veselinovaln,Ljuba N. Veselinova,,,http://www.ling.su.se/staff/ljuba/,,,1
30,2008-04-21T02:00:00+02:00,2008-04-21T02:00:00+02:00,True,,base,gild,David Gil,,,http://www.eva.mpg.de/lingua/staff/gil.php,,,1
31,2008-04-21T02:00:00+02:00,2008-04-21T02:00:00+02:00,True,,base,koptjevskajatammm,Maria Koptjevskaja-Tamm,,,http://www.ling.su.se/staff/tamm/,,,1
32,2008-04-21T02:00:00+02:00,2008-04-21T02:00:00+02:00,True,,base,stassenl,Leon Stassen,,,,,,1
33,2008-04-21T02:00:00+02:00,2008-04-21T02:00:00+02:00,True,,base,dahlo,Östen Dahl,,,http://www2.ling.su.se/staff/oesten/index.htm,,,1
34,2008-04-21T02:00:00+02:00,2008-04-21T02:00:00+02:00,True,,base,velupillaiv,Viveka Velupillai,,,http://www.lalitha.de/velupillai/index.html,,,1
35,2008-04-21T02:00:00+02:00,2008-04-21T02:00:00+02:00,True,,base,vanderauweraj,Johan van der Auwera,,,http://webh01.ua.ac.be/vdauwera/,,,1
36,2008-04-21T02:00:00+02:00,2008-04-21T02:00:00+02:00,True,,base,lejeunel,Ludo Lejeune,,,,,,1
37,2008-04-21T02:00:00+02:00,2008-04-21T02:00:00+02:00,True,,base,pappuswamyu,Umarani Pappuswamy,,,,,,1
38,2008-04-21T02:00:00+02:00,2008-04-21T02:00:00+02:00,True,,base,goussevv,Valentin Goussev,,,,,,1
39,2008-04-21T02:00:00+02:00,2008-04-21T02:00:00+02:00,True,,base,dobrushinan,Nina Dobrushina,,,,,,1
40,2008-04-21T02:00:00+02:00,2008-04-21T02:00:00+02:00,True,,base,ammanna,Andreas Ammann,,,,,,1
41,2008-04-21T02:00:00+02:00,2008-04-21T02:00:00+02:00,True,,base,dehaanf,Ferdinand de Haan,,,http://www.u.arizona.edu/~fdehaan/,,,1
42,2008-04-21T02:00:00+02:00,2008-04-21T02:00:00+02:00,True,,base,genslerod,Orin D. Gensler,,,,,,1
43,2008-04-21T02:00:00+02:00,2008-04-21T02:00:00+02:00,True,,base,comrieb,Bernard Comrie,,,http://www.eva.mpg.de/lingua/staff/comrie.php,,,1
44,2008-04-21T02:00:00+02:00,2008-04-21T02:00:00+02:00,True,,base,maslovae,Elena Maslova,,,http://anothersumma.net/,,,1
45,2008-04-21T02:00:00+02:00,2008-04-21T02:00:00+02:00,True,,base,nedjalkovvp,Vladimir P. Nedjalkov,,,,,,1
46,2008-04-21T02:00:00+02:00,2008-04-21T02:00:00+02:00,True,,base,polinskym,Maria Polinsky,,,http://www.fas.harvard.edu/~lingdept/f_polinsky.html,,,1
47,2008-04-21T02:00:00+02:00,2008-04-21T02:00:00+02:00,True,,base,songjj,Jae Jung Song,,,http://www.otago.ac.nz/linguistics/staff/song.html,,,1
48,2008-04-21T02:00:00+02:00,2008-04-21T02:00:00+02:00,True,,base,miestamom,Matti Miestamo,,,http://www.ling.helsinki.fi/~matmies/,,,1
49,2008-04-21T02:00:00+02:00,2008-04-21T02:00:00+02:00,True,,base,kutevat,Tania Kuteva,,,http://www.phil-fak.uni-duesseldorf.de/anglistik3/kuteva/,,,1
50,2008-04-21T02:00:00+02:00,2008-04-21T02:00:00+02:00,True,,base,cristofaros,Sonia Cristofaro,,,http://lettere.unipv.it/diplinguistica/docenti.php?&id=121,,,1
51,2008-04-21T02:00:00+02:00,2008-04-21T02:00:00+02:00,True,,base,brownch,Cecil H. Brown,,,http://www.niu.edu/anthro/faculty_staff/faculty/Brown.shtml,,,1
52,2008-04-21T02:00:00+02:00,2008-04-21T02:00:00+02:00,True,,base,kayp,Paul Kay,,,http://www.icsi.berkeley.edu/~kay/,,,1
53,2008-04-21T02:00:00+02:00,2008-04-21T02:00:00+02:00,True,,base,maffil,Luisa Maffi,,,http://ucjeps.berkeley.edu/Endangered_Lang_Conf/Maffi.html,,,1
54,2008-04-21T02:00:00+02:00,2008-04-21T02:00:00+02:00,True,,base,petersonda,David A. Peterson,,,http://www.dartmouth.edu/~linguist/faculty/peterson.html,,,1
55,2008-04-21T02:00:00+02:00,2008-04-21T02:00:00+02:00,True,,base,zeshanu,Ulrike Zeshan,,,http://www.uclan.ac.uk/schools/iscri/Ulrike_Zeshan.php,,,1
