pk,jsondata,polymorphic_type,id,name,description,markup_description,date,updated,active,created,version
88,{},custom,88,Order of Demonstrative and Noun,,,,2008-04-21T02:00:00+02:00,True,2008-04-21T02:00:00+02:00,1
117,{},custom,117,Predicative Possession,,,,2008-04-21T02:00:00+02:00,True,2008-04-21T02:00:00+02:00,1
37,{},custom,37,Definite Articles,,,,2008-04-21T02:00:00+02:00,True,2008-04-21T02:00:00+02:00,1
116,{},custom,116,Polar Questions,,,,2008-04-21T02:00:00+02:00,True,2008-04-21T02:00:00+02:00,1
48,{},custom,48,Person Marking on Adpositions,,,,2008-04-21T02:00:00+02:00,True,2008-04-21T02:00:00+02:00,1
83,{},custom,83,Order of Object and Verb,,,,2008-04-21T02:00:00+02:00,True,2008-04-21T02:00:00+02:00,1
125,{},custom,125,Purpose Clauses,,,,2008-04-21T02:00:00+02:00,True,2008-04-21T02:00:00+02:00,1
63,{},custom,63,Noun Phrase Conjunction,,,,2008-04-21T02:00:00+02:00,True,2008-04-21T02:00:00+02:00,1
44,{},custom,44,Gender Distinctions in Independent Personal Pronouns,,,,2008-04-21T02:00:00+02:00,True,2008-04-21T02:00:00+02:00,1
102,{},custom,102,Verbal Person Marking,,,,2008-04-21T02:00:00+02:00,True,2008-04-21T02:00:00+02:00,1
27,{},custom,27,Reduplication,,,,2008-04-21T02:00:00+02:00,True,2008-04-21T02:00:00+02:00,1
103,{},custom,103,Third Person Zero of Verbal Person Marking,,,,2008-04-21T02:00:00+02:00,True,2008-04-21T02:00:00+02:00,1
57,{},custom,57,Position of Pronominal Possessive Affixes,,,,2008-04-21T02:00:00+02:00,True,2008-04-21T02:00:00+02:00,1
100,{},custom,100,Alignment of Verbal Person Marking,,,,2008-04-21T02:00:00+02:00,True,2008-04-21T02:00:00+02:00,1
143,{},custom,143,Order of Negative Morpheme and Verb,,,,2011-04-28T02:00:00+02:00,True,2011-04-28T02:00:00+02:00,1
49,{},custom,49,Number of Cases,,,,2008-04-21T02:00:00+02:00,True,2008-04-21T02:00:00+02:00,1
81,{},custom,81,"Order of Subject, Object and Verb",,,,2008-04-21T02:00:00+02:00,True,2008-04-21T02:00:00+02:00,1
104,{},custom,104,Order of Person Markers on the Verb,,,,2008-04-21T02:00:00+02:00,True,2008-04-21T02:00:00+02:00,1
76,{},custom,76,Overlap between Situational and Epistemic Modal Marking,,,,2008-04-21T02:00:00+02:00,True,2008-04-21T02:00:00+02:00,1
92,{},custom,92,Position of Polar Question Particles,,,,2008-04-21T02:00:00+02:00,True,2008-04-21T02:00:00+02:00,1
72,{},custom,72,Imperative-Hortative Systems,,,,2008-04-21T02:00:00+02:00,True,2008-04-21T02:00:00+02:00,1
144,{},custom,144,"Position of Negative Morpheme With Respect to Subject, Object, and Verb",,,,2011-04-28T02:00:00+02:00,True,2011-04-28T02:00:00+02:00,1
71,{},custom,71,The Prohibitive,,,,2008-04-21T02:00:00+02:00,True,2008-04-21T02:00:00+02:00,1
82,{},custom,82,Order of Subject and Verb,,,,2008-04-21T02:00:00+02:00,True,2008-04-21T02:00:00+02:00,1
101,{},custom,101,Expression of Pronominal Subjects,,,,2008-04-21T02:00:00+02:00,True,2008-04-21T02:00:00+02:00,1
126,{},custom,126,'When' Clauses,,,,2008-04-21T02:00:00+02:00,True,2008-04-21T02:00:00+02:00,1
121,{},custom,121,Comparative Constructions,,,,2008-04-21T02:00:00+02:00,True,2008-04-21T02:00:00+02:00,1
50,{},custom,50,Asymmetrical Case-Marking,,,,2008-04-21T02:00:00+02:00,True,2008-04-21T02:00:00+02:00,1
93,{},custom,93,Position of Interrogative Phrases in Content Questions,,,,2008-04-21T02:00:00+02:00,True,2008-04-21T02:00:00+02:00,1
59,{},custom,59,Possessive Classification,,,,2008-04-21T02:00:00+02:00,True,2008-04-21T02:00:00+02:00,1
107,{},custom,107,Passive Constructions,,,,2008-04-21T02:00:00+02:00,True,2008-04-21T02:00:00+02:00,1
91,{},custom,91,Order of Degree Word and Adjective,,,,2008-04-21T02:00:00+02:00,True,2008-04-21T02:00:00+02:00,1
87,{},custom,87,Order of Adjective and Noun,,,,2008-04-21T02:00:00+02:00,True,2008-04-21T02:00:00+02:00,1
128,{},custom,128,Utterance Complement Clauses,,,,2008-04-21T02:00:00+02:00,True,2008-04-21T02:00:00+02:00,1
127,{},custom,127,Reason Clauses,,,,2008-04-21T02:00:00+02:00,True,2008-04-21T02:00:00+02:00,1
58,{},custom,58,Obligatory Possessive Inflection,,,,2008-04-21T02:00:00+02:00,True,2008-04-21T02:00:00+02:00,1
70,{},custom,70,The Morphological Imperative,,,,2008-04-21T02:00:00+02:00,True,2008-04-21T02:00:00+02:00,1
137,{},custom,137,N-M Pronouns,,,,2008-04-21T02:00:00+02:00,True,2008-04-21T02:00:00+02:00,1
136,{},custom,136,M-T Pronouns,,,,2008-04-21T02:00:00+02:00,True,2008-04-21T02:00:00+02:00,1
75,{},custom,75,Epistemic Possibility,,,,2008-04-21T02:00:00+02:00,True,2008-04-21T02:00:00+02:00,1
86,{},custom,86,Order of Genitive and Noun,,,,2008-04-21T02:00:00+02:00,True,2008-04-21T02:00:00+02:00,1
74,{},custom,74,Situational Possibility,,,,2008-04-21T02:00:00+02:00,True,2008-04-21T02:00:00+02:00,1
131,{},custom,131,Numeral Bases,,,,2008-04-21T02:00:00+02:00,True,2008-04-21T02:00:00+02:00,1
