{"dc:identifier": "58559d4eea0d", "url": "feature.csv-metadata.json", "dc:license": {"schema:name": "http://creativecommons.org/licenses/by/4.0/"}, "dc:publisher": {"schema:name": "Max Planck Institute for Evolutionary Anthropology", "schema:url": {"@id": "http://www.eva.mpg.de"}}, "@context": ["http://www.w3.org/ns/csvw", {"@language": "en"}], "tableSchema": {"primaryKey": "pk", "columns": [{"datatype": {"@id": "http://www.w3.org/2001/XMLSchema#int"}, "name": "pk"}, {"datatype": {"@id": "http://www.w3.org/2001/XMLSchema#int"}, "name": "contribution_pk"}, {"datatype": {"@id": "http://www.w3.org/2001/XMLSchema#string"}, "name": "blog_title"}, {"datatype": {"@id": "http://www.w3.org/2001/XMLSchema#int"}, "name": "representation"}, {"datatype": {"@id": "http://www.w3.org/2001/XMLSchema#string"}, "name": "ordinal_qualifier"}], "foreignKeys": [{"columnReference": "pk", "reference": {"columnReference": "pk", "resource": "parameter"}}, {"columnReference": "contribution_pk", "reference": {"columnReference": "pk", "resource": "contribution"}}]}}