pk,jsondata,id,name,description,markup_description,family_pk,subfamily,icon,updated,active,created
1,{},southerncushitic,Southern Cushitic,,,1,Cushitic,c000000,2008-04-21T02:00:00+02:00,True,2008-04-21T02:00:00+02:00
2,{},eastchadic,East Chadic,,,1,Chadic,c0000dd,2008-04-21T02:00:00+02:00,True,2008-04-21T02:00:00+02:00
3,{},beja,Beja,,,1,Cushitic,c009900,2008-04-21T02:00:00+02:00,True,2008-04-21T02:00:00+02:00
4,{},berber,Berber,,,1,,c66ff33,2008-04-21T02:00:00+02:00,True,2008-04-21T02:00:00+02:00
5,{},biumandara,Biu-Mandara,,,1,Chadic,c990099,2008-04-21T02:00:00+02:00,True,2008-04-21T02:00:00+02:00
6,{},westchadic,West Chadic,,,1,Chadic,c9999ff,2008-04-21T02:00:00+02:00,True,2008-04-21T02:00:00+02:00
7,{},centralcushitic,Central Cushitic,,,1,Cushitic,c99ffff,2008-04-21T02:00:00+02:00,True,2008-04-21T02:00:00+02:00
8,{},egyptiancoptic,Egyptian-Coptic,,,1,,caa0000,2008-04-21T02:00:00+02:00,True,2008-04-21T02:00:00+02:00
9,{},southomotic,South Omotic,,,1,Omotic,ccccccc,2008-04-21T02:00:00+02:00,True,2008-04-21T02:00:00+02:00
10,{},semitic,Semitic,,,1,,cdd0000,2008-04-21T02:00:00+02:00,True,2008-04-21T02:00:00+02:00
11,{},masa,Masa,,,1,Chadic,cff4400,2008-04-21T02:00:00+02:00,True,2008-04-21T02:00:00+02:00
13,{},northomotic,North Omotic,,,1,Omotic,cff66ff,2008-04-21T02:00:00+02:00,True,2008-04-21T02:00:00+02:00
14,{},ainu,Ainu,,,2,,cffcc00,2008-04-21T02:00:00+02:00,True,2008-04-21T02:00:00+02:00
15,{},alacalufan,Alacalufan,,,3,,cffff00,2008-04-21T02:00:00+02:00,True,2008-04-21T02:00:00+02:00
16,{},yurok,Yurok,,,4,,cffffcc,2008-04-21T02:00:00+02:00,True,2008-04-21T02:00:00+02:00
17,{},algonquian,Algonquian,,,4,,cffffff,2008-04-21T02:00:00+02:00,True,2008-04-21T02:00:00+02:00
18,{},wiyot,Wiyot,,,4,,d000000,2008-04-21T02:00:00+02:00,True,2008-04-21T02:00:00+02:00
19,{},turkic,Turkic,,,5,,d0000dd,2008-04-21T02:00:00+02:00,True,2008-04-21T02:00:00+02:00
20,{},mongolic,Mongolic,,,5,,d009900,2008-04-21T02:00:00+02:00,True,2008-04-21T02:00:00+02:00
21,{},tungusic,Tungusic,,,5,,d66ff33,2008-04-21T02:00:00+02:00,True,2008-04-21T02:00:00+02:00
22,{},andoke,Andoke,,,7,,d990099,2008-04-21T02:00:00+02:00,True,2008-04-21T02:00:00+02:00
23,{},anem,Anêm,,,8,,d9999ff,2008-04-21T02:00:00+02:00,True,2008-04-21T02:00:00+02:00
24,{},arauan,Arauan,,,9,,d99ffff,2008-04-21T02:00:00+02:00,True,2008-04-21T02:00:00+02:00
25,{},araucanian,Araucanian,,,10,,daa0000,2008-04-21T02:00:00+02:00,True,2008-04-21T02:00:00+02:00
27,{},atakapa,Atakapa,,,12,,ddd0000,2008-04-21T02:00:00+02:00,True,2008-04-21T02:00:00+02:00
28,{},westerndaly,Western Daly,,,13,Daly,dff4400,2008-04-21T02:00:00+02:00,True,2008-04-21T02:00:00+02:00
29,{},wororan,Wororan,,,13,,dff6600,2008-04-21T02:00:00+02:00,True,2008-04-21T02:00:00+02:00
30,{},bunuban,Bunuban,,,13,,dff66ff,2008-04-21T02:00:00+02:00,True,2008-04-21T02:00:00+02:00
31,{},burarran,Burarran,,,13,,dffcc00,2008-04-21T02:00:00+02:00,True,2008-04-21T02:00:00+02:00
32,{},ngandi,Ngandi,,,13,Gunwinyguan,dffff00,2008-04-21T02:00:00+02:00,True,2008-04-21T02:00:00+02:00
33,{},yangmanic,Yangmanic,,,13,Gunwinyguan,dffffcc,2008-04-21T02:00:00+02:00,True,2008-04-21T02:00:00+02:00
34,{},ngalakan,Ngalakan,,,13,Gunwinyguan,dffffff,2008-04-21T02:00:00+02:00,True,2008-04-21T02:00:00+02:00
35,{},ndjebbana,Ndjébbana,,,13,,f000000,2008-04-21T02:00:00+02:00,True,2008-04-21T02:00:00+02:00
36,{},nakkara,Nakkara,,,13,,f0000dd,2008-04-21T02:00:00+02:00,True,2008-04-21T02:00:00+02:00
37,{},murrinhpatha,Murrinh-Patha,,,13,Daly,f009900,2008-04-21T02:00:00+02:00,True,2008-04-21T02:00:00+02:00
38,{},iwaidjan,Iwaidjan,,,13,,f66ff33,2008-04-21T02:00:00+02:00,True,2008-04-21T02:00:00+02:00
39,{},jaminjungan,Jaminjungan,,,13,,f990099,2008-04-21T02:00:00+02:00,True,2008-04-21T02:00:00+02:00
40,{},rembarnga,Rembarnga,,,13,Gunwinyguan,f9999ff,2008-04-21T02:00:00+02:00,True,2008-04-21T02:00:00+02:00
41,{},anindilyakwa,Anindilyakwa,,,13,Gunwinyguan,f99ffff,2008-04-21T02:00:00+02:00,True,2008-04-21T02:00:00+02:00
42,{},pamanyungan,Pama-Nyungan,,,13,,faa0000,2008-04-21T02:00:00+02:00,True,2008-04-21T02:00:00+02:00
43,{},ansonbay,Anson Bay,,,13,Daly,fcccccc,2008-04-21T02:00:00+02:00,True,2008-04-21T02:00:00+02:00
44,{},gunwinygic,Gunwinygic,,,13,Gunwinyguan,fdd0000,2008-04-21T02:00:00+02:00,True,2008-04-21T02:00:00+02:00
45,{},limilngan,Limilngan,,,13,,fff4400,2008-04-21T02:00:00+02:00,True,2008-04-21T02:00:00+02:00
46,{},nyulnyulan,Nyulnyulan,,,13,,fff6600,2008-04-21T02:00:00+02:00,True,2008-04-21T02:00:00+02:00
47,{},garrwan,Garrwan,,,13,,fff66ff,2008-04-21T02:00:00+02:00,True,2008-04-21T02:00:00+02:00
48,{},nunggubuyu,Nunggubuyu,,,13,Gunwinyguan,fffcc00,2008-04-21T02:00:00+02:00,True,2008-04-21T02:00:00+02:00
49,{},gaagudju,Gaagudju,,,13,,fffff00,2008-04-21T02:00:00+02:00,True,2008-04-21T02:00:00+02:00
50,{},southerndaly,Southern Daly,,,13,Daly,fffffcc,2008-04-21T02:00:00+02:00,True,2008-04-21T02:00:00+02:00
51,{},northerndaly,Northern Daly,,,13,Daly,fffffff,2008-04-21T02:00:00+02:00,True,2008-04-21T02:00:00+02:00
52,{},tangkic,Tangkic,,,13,,s000000,2008-04-21T02:00:00+02:00,True,2008-04-21T02:00:00+02:00
53,{},tiwian,Tiwian,,,13,,s0000dd,2008-04-21T02:00:00+02:00,True,2008-04-21T02:00:00+02:00
54,{},easterndaly,Eastern Daly,,,13,Daly,s009900,2008-04-21T02:00:00+02:00,True,2008-04-21T02:00:00+02:00
55,{},mangarrayi,Mangarrayi,,,13,,s66ff33,2008-04-21T02:00:00+02:00,True,2008-04-21T02:00:00+02:00
56,{},djeragan,Djeragan,,,13,,s990099,2008-04-21T02:00:00+02:00,True,2008-04-21T02:00:00+02:00
57,{},waray,Waray,,,13,Gunwinyguan,s9999ff,2008-04-21T02:00:00+02:00,True,2008-04-21T02:00:00+02:00
58,{},westbarkly,West Barkly,,,13,,s99ffff,2008-04-21T02:00:00+02:00,True,2008-04-21T02:00:00+02:00
59,{},laragiyan,Laragiyan,,,13,,saa0000,2008-04-21T02:00:00+02:00,True,2008-04-21T02:00:00+02:00
60,{},maran,Maran,,,13,,scccccc,2008-04-21T02:00:00+02:00,True,2008-04-21T02:00:00+02:00
61,{},wagiman,Wagiman,,,13,Gunwinyguan,sdd0000,2008-04-21T02:00:00+02:00,True,2008-04-21T02:00:00+02:00
62,{},aslian,Aslian,,,14,Mon-Khmer,sff4400,2008-04-21T02:00:00+02:00,True,2008-04-21T02:00:00+02:00
63,{},bahnaric,Bahnaric,,,14,Mon-Khmer,sff6600,2008-04-21T02:00:00+02:00,True,2008-04-21T02:00:00+02:00
64,{},pearic,Pearic,,,14,Mon-Khmer,sff66ff,2008-04-21T02:00:00+02:00,True,2008-04-21T02:00:00+02:00
65,{},monic,Monic,,,14,Mon-Khmer,sffcc00,2008-04-21T02:00:00+02:00,True,2008-04-21T02:00:00+02:00
66,{},munda,Munda,,,14,,sffff00,2008-04-21T02:00:00+02:00,True,2008-04-21T02:00:00+02:00
67,{},vietmuong,Viet-Muong,,,14,Mon-Khmer,sffffcc,2008-04-21T02:00:00+02:00,True,2008-04-21T02:00:00+02:00
68,{},nicobarese,Nicobarese,,,14,Mon-Khmer,sffffff,2008-04-21T02:00:00+02:00,True,2008-04-21T02:00:00+02:00
69,{},palaungkhmuic,Palaung-Khmuic,,,14,Mon-Khmer,t000000,2008-04-21T02:00:00+02:00,True,2008-04-21T02:00:00+02:00
70,{},khmer,Khmer,,,14,Mon-Khmer,t0000dd,2008-04-21T02:00:00+02:00,True,2008-04-21T02:00:00+02:00
71,{},khasian,Khasian,,,14,Mon-Khmer,t009900,2008-04-21T02:00:00+02:00,True,2008-04-21T02:00:00+02:00
72,{},katuic,Katuic,,,14,Mon-Khmer,t66ff33,2008-04-21T02:00:00+02:00,True,2008-04-21T02:00:00+02:00
73,{},barito,Barito,,,15,,t990099,2008-04-21T02:00:00+02:00,True,2008-04-21T02:00:00+02:00
74,{},chamorro,Chamorro,,,15,,t9999ff,2008-04-21T02:00:00+02:00,True,2008-04-21T02:00:00+02:00
75,{},centralmalayopolynesian,Central Malayo-Polynesian,,,15,,t99ffff,2008-04-21T02:00:00+02:00,True,2008-04-21T02:00:00+02:00
76,{},samabajaw,Sama-Bajaw,,,15,,taa0000,2008-04-21T02:00:00+02:00,True,2008-04-21T02:00:00+02:00
79,{},southhalmaherawestnewguinea,South Halmahera - West New Guinea,,,15,Eastern Malayo-Polynesian,tff4400,2008-04-21T02:00:00+02:00,True,2008-04-21T02:00:00+02:00
82,{},yapese,Yapese,,,15,,tffcc00,2008-04-21T02:00:00+02:00,True,2008-04-21T02:00:00+02:00
84,{},rejang,Rejang,,,15,,tffffcc,2008-04-21T02:00:00+02:00,True,2008-04-21T02:00:00+02:00
85,{},palauan,Palauan,,,15,,tffffff,2008-04-21T02:00:00+02:00,True,2008-04-21T02:00:00+02:00
87,{},oceanic,Oceanic,,,15,Eastern Malayo-Polynesian,c0000dd,2008-04-21T02:00:00+02:00,True,2008-04-21T02:00:00+02:00
88,{},lampungic,Lampungic,,,15,,c009900,2008-04-21T02:00:00+02:00,True,2008-04-21T02:00:00+02:00
89,{},atayalic,Atayalic,,,15,,c66ff33,2008-04-21T02:00:00+02:00,True,2008-04-21T02:00:00+02:00
90,{},javanese,Javanese,,,15,,c990099,2008-04-21T02:00:00+02:00,True,2008-04-21T02:00:00+02:00
95,{},landdayak,Land Dayak,,,15,,cdd0000,2008-04-21T02:00:00+02:00,True,2008-04-21T02:00:00+02:00
101,{},awinpare,Awin-Pare,,,16,,cffffcc,2008-04-21T02:00:00+02:00,True,2008-04-21T02:00:00+02:00
102,{},aymaran,Aymaran,,,17,,cffffff,2008-04-21T02:00:00+02:00,True,2008-04-21T02:00:00+02:00
103,{},taulil,Taulil,,,18,,d000000,2008-04-21T02:00:00+02:00,True,2008-04-21T02:00:00+02:00
104,{},baining,Baining,,,18,,d0000dd,2008-04-21T02:00:00+02:00,True,2008-04-21T02:00:00+02:00
105,{},bangime,Bangime,,,207,,d009900,2008-04-21T02:00:00+02:00,True,2008-04-21T02:00:00+02:00
106,{},barbacoan,Barbacoan,,,19,,d66ff33,2008-04-21T02:00:00+02:00,True,2008-04-21T02:00:00+02:00
107,{},basque,Basque,,,20,,d990099,2008-04-21T02:00:00+02:00,True,2008-04-21T02:00:00+02:00
108,{},beothuk,Beothuk,,,21,,d9999ff,2008-04-21T02:00:00+02:00,True,2008-04-21T02:00:00+02:00
109,{},betoi,Betoi,,,22,,d99ffff,2008-04-21T02:00:00+02:00,True,2008-04-21T02:00:00+02:00
110,{},border,Border,,,23,,daa0000,2008-04-21T02:00:00+02:00,True,2008-04-21T02:00:00+02:00
111,{},bosavi,Bosavi,,,24,,dcccccc,2008-04-21T02:00:00+02:00,True,2008-04-21T02:00:00+02:00
112,{},bulakariver,Bulaka River,,,25,,ddd0000,2008-04-21T02:00:00+02:00,True,2008-04-21T02:00:00+02:00
113,{},burushaski,Burushaski,,,26,,dff4400,2008-04-21T02:00:00+02:00,True,2008-04-21T02:00:00+02:00
114,{},cacuanukak,Cacua-Nukak,,,27,,dff6600,2008-04-21T02:00:00+02:00,True,2008-04-21T02:00:00+02:00
115,{},caddoan,Caddoan,,,28,,dff66ff,2008-04-21T02:00:00+02:00,True,2008-04-21T02:00:00+02:00
116,{},cahuapanan,Cahuapanan,,,29,,dffcc00,2008-04-21T02:00:00+02:00,True,2008-04-21T02:00:00+02:00
117,{},camsa,Camsá,,,30,,dffff00,2008-04-21T02:00:00+02:00,True,2008-04-21T02:00:00+02:00
118,{},candoshi,Candoshi,,,31,,dffffcc,2008-04-21T02:00:00+02:00,True,2008-04-21T02:00:00+02:00
119,{},cariban,Cariban,,,32,,dffffff,2008-04-21T02:00:00+02:00,True,2008-04-21T02:00:00+02:00
120,{},cayuvava,Cayuvava,,,33,,f000000,2008-04-21T02:00:00+02:00,True,2008-04-21T02:00:00+02:00
121,{},chapacurawanham,Chapacura-Wanham,,,34,,f0000dd,2008-04-21T02:00:00+02:00,True,2008-04-21T02:00:00+02:00
122,{},guaymi,Guaymi,,,35,,f009900,2008-04-21T02:00:00+02:00,True,2008-04-21T02:00:00+02:00
123,{},talamanca,Talamanca,,,35,,f66ff33,2008-04-21T02:00:00+02:00,True,2008-04-21T02:00:00+02:00
124,{},chibchanproper,Chibchan Proper,,,35,,f990099,2008-04-21T02:00:00+02:00,True,2008-04-21T02:00:00+02:00
125,{},rama,Rama,,,35,,f9999ff,2008-04-21T02:00:00+02:00,True,2008-04-21T02:00:00+02:00
126,{},paya,Paya,,,35,,f99ffff,2008-04-21T02:00:00+02:00,True,2008-04-21T02:00:00+02:00
127,{},kuna,Kuna,,,35,,faa0000,2008-04-21T02:00:00+02:00,True,2008-04-21T02:00:00+02:00
128,{},motilon,Motilon,,,35,,fcccccc,2008-04-21T02:00:00+02:00,True,2008-04-21T02:00:00+02:00
129,{},chimila,Chimila,,,35,,fdd0000,2008-04-21T02:00:00+02:00,True,2008-04-21T02:00:00+02:00
130,{},aruak,Aruak,,,35,,fff4400,2008-04-21T02:00:00+02:00,True,2008-04-21T02:00:00+02:00
131,{},chimakuan,Chimakuan,,,36,,fff6600,2008-04-21T02:00:00+02:00,True,2008-04-21T02:00:00+02:00
132,{},chimuan,Chimúan,,,37,,fff66ff,2008-04-21T02:00:00+02:00,True,2008-04-21T02:00:00+02:00
133,{},chiquito,Chiquito,,,38,,fffcc00,2008-04-21T02:00:00+02:00,True,2008-04-21T02:00:00+02:00
134,{},chitimacha,Chitimacha,,,39,,fffff00,2008-04-21T02:00:00+02:00,True,2008-04-21T02:00:00+02:00
135,{},choco,Choco,,,40,,fffffcc,2008-04-21T02:00:00+02:00,True,2008-04-21T02:00:00+02:00
136,{},cholon,Cholon,,,41,,fffffff,2008-04-21T02:00:00+02:00,True,2008-04-21T02:00:00+02:00
137,{},chonproper,Chon Proper,,,42,,s000000,2008-04-21T02:00:00+02:00,True,2008-04-21T02:00:00+02:00
138,{},puelche,Puelche,,,42,,s0000dd,2008-04-21T02:00:00+02:00,True,2008-04-21T02:00:00+02:00
139,{},northernchukotkokamchatkan,Northern Chukotko-Kamchatkan,,,43,,s009900,2008-04-21T02:00:00+02:00,True,2008-04-21T02:00:00+02:00
140,{},southernchukotkokamchatkan,Southern Chukotko-Kamchatkan,,,43,,s66ff33,2008-04-21T02:00:00+02:00,True,2008-04-21T02:00:00+02:00
141,{},chumash,Chumash,,,44,,s990099,2008-04-21T02:00:00+02:00,True,2008-04-21T02:00:00+02:00
142,{},coahuiltecan,Coahuiltecan,,,45,,s9999ff,2008-04-21T02:00:00+02:00,True,2008-04-21T02:00:00+02:00
143,{},cofan,Cofán,,,46,,s99ffff,2008-04-21T02:00:00+02:00,True,2008-04-21T02:00:00+02:00
144,{},comecrudan,Comecrudan,,,47,,saa0000,2008-04-21T02:00:00+02:00,True,2008-04-21T02:00:00+02:00
145,{},cuitlatec,Cuitlatec,,,48,,scccccc,2008-04-21T02:00:00+02:00,True,2008-04-21T02:00:00+02:00
146,{},dagan,Dagan,,,49,,sdd0000,2008-04-21T02:00:00+02:00,True,2008-04-21T02:00:00+02:00
147,{},southcentraldravidian,South-Central Dravidian,,,50,,sff4400,2008-04-21T02:00:00+02:00,True,2008-04-21T02:00:00+02:00
148,{},centraldravidian,Central Dravidian,,,50,,sff6600,2008-04-21T02:00:00+02:00,True,2008-04-21T02:00:00+02:00
149,{},southerndravidian,Southern Dravidian,,,50,,sff66ff,2008-04-21T02:00:00+02:00,True,2008-04-21T02:00:00+02:00
150,{},northerndravidian,Northern Dravidian,,,50,,sffcc00,2008-04-21T02:00:00+02:00,True,2008-04-21T02:00:00+02:00
151,{},eastbirdshead,East Bird's Head,,,51,,sffff00,2008-04-21T02:00:00+02:00,True,2008-04-21T02:00:00+02:00
152,{},eastbougainville,East Bougainville,,,52,,sffffcc,2008-04-21T02:00:00+02:00,True,2008-04-21T02:00:00+02:00
153,{},eastgeelvinkbay,East Geelvink Bay,,,53,,sffffff,2008-04-21T02:00:00+02:00,True,2008-04-21T02:00:00+02:00
154,{},eaststrickland,East Strickland,,,54,,t000000,2008-04-21T02:00:00+02:00,True,2008-04-21T02:00:00+02:00
155,{},tate,Tate,,,55,,t0000dd,2008-04-21T02:00:00+02:00,True,2008-04-21T02:00:00+02:00
156,{},elemanproper,Eleman Proper,,,55,,t009900,2008-04-21T02:00:00+02:00,True,2008-04-21T02:00:00+02:00
157,{},aleut,Aleut,,,56,,t66ff33,2008-04-21T02:00:00+02:00,True,2008-04-21T02:00:00+02:00
158,{},eskimo,Eskimo,,,56,,t990099,2008-04-21T02:00:00+02:00,True,2008-04-21T02:00:00+02:00
159,{},esselen,Esselen,,,57,,t9999ff,2008-04-21T02:00:00+02:00,True,2008-04-21T02:00:00+02:00
160,{},gapun,Gapun,,,58,,t99ffff,2008-04-21T02:00:00+02:00,True,2008-04-21T02:00:00+02:00
161,{},suki,Suki,,,59,,taa0000,2008-04-21T02:00:00+02:00,True,2008-04-21T02:00:00+02:00
162,{},gogodala,Gogodala,,,59,,tcccccc,2008-04-21T02:00:00+02:00,True,2008-04-21T02:00:00+02:00
163,{},greatandamanese,Great Andamanese,,,6,,tdd0000,2008-04-21T02:00:00+02:00,True,2008-04-21T02:00:00+02:00
86,{},paiwanic,Paiwan,,,15,,c000000,2014-07-03T09:49:40.736806+02:00,True,2008-04-21T02:00:00+02:00
96,{},tsouic,Tsou,,,15,,cff4400,2014-07-03T09:49:40.738146+02:00,True,2008-04-21T02:00:00+02:00
164,{},guahiban,Guahiban,,,60,,tff4400,2008-04-21T02:00:00+02:00,True,2008-04-21T02:00:00+02:00
166,{},hadza,Hadza,,,62,,tff66ff,2008-04-21T02:00:00+02:00,True,2008-04-21T02:00:00+02:00
167,{},haida,Haida,,,63,,tffcc00,2008-04-21T02:00:00+02:00,True,2008-04-21T02:00:00+02:00
168,{},harakmbet,Harakmbet,,,64,,tffff00,2008-04-21T02:00:00+02:00,True,2008-04-21T02:00:00+02:00
169,{},hmongmien,Hmong-Mien,,,65,,tffffcc,2008-04-21T02:00:00+02:00,True,2008-04-21T02:00:00+02:00
170,{},yuman,Yuman,,,66,,tffffff,2008-04-21T02:00:00+02:00,True,2008-04-21T02:00:00+02:00
171,{},seri,Seri,,,66,,c000000,2008-04-21T02:00:00+02:00,True,2008-04-21T02:00:00+02:00
172,{},chimariko,Chimariko,,,66,,c0000dd,2008-04-21T02:00:00+02:00,True,2008-04-21T02:00:00+02:00
173,{},palaihnihan,Palaihnihan,,,66,,c009900,2008-04-21T02:00:00+02:00,True,2008-04-21T02:00:00+02:00
174,{},shasta,Shasta,,,66,,c66ff33,2008-04-21T02:00:00+02:00,True,2008-04-21T02:00:00+02:00
175,{},yana,Yana,,,66,,c990099,2008-04-21T02:00:00+02:00,True,2008-04-21T02:00:00+02:00
176,{},pomoan,Pomoan,,,66,,c9999ff,2008-04-21T02:00:00+02:00,True,2008-04-21T02:00:00+02:00
177,{},huarpe,Huarpe,,,67,,c99ffff,2008-04-21T02:00:00+02:00,True,2008-04-21T02:00:00+02:00
178,{},huavean,Huavean,,,68,,caa0000,2008-04-21T02:00:00+02:00,True,2008-04-21T02:00:00+02:00
179,{},boran,Boran,,,69,,ccccccc,2008-04-21T02:00:00+02:00,True,2008-04-21T02:00:00+02:00
180,{},huitoto,Huitoto,,,69,,cdd0000,2008-04-21T02:00:00+02:00,True,2008-04-21T02:00:00+02:00
181,{},germanic,Germanic,,,70,,cff4400,2008-04-21T02:00:00+02:00,True,2008-04-21T02:00:00+02:00
182,{},indic,Indic,,,70,,cff6600,2008-04-21T02:00:00+02:00,True,2008-04-21T02:00:00+02:00
183,{},iranian,Iranian,,,70,,cff66ff,2008-04-21T02:00:00+02:00,True,2008-04-21T02:00:00+02:00
184,{},romance,Romance,,,70,,cffcc00,2008-04-21T02:00:00+02:00,True,2008-04-21T02:00:00+02:00
185,{},slavic,Slavic,,,70,,cffff00,2008-04-21T02:00:00+02:00,True,2008-04-21T02:00:00+02:00
186,{},greek,Greek,,,70,,cffffcc,2008-04-21T02:00:00+02:00,True,2008-04-21T02:00:00+02:00
187,{},celtic,Celtic,,,70,,cffffff,2008-04-21T02:00:00+02:00,True,2008-04-21T02:00:00+02:00
188,{},baltic,Baltic,,,70,,d000000,2008-04-21T02:00:00+02:00,True,2008-04-21T02:00:00+02:00
189,{},armenian,Armenian,,,70,,d0000dd,2008-04-21T02:00:00+02:00,True,2008-04-21T02:00:00+02:00
190,{},albanian,Albanian,,,70,,d009900,2008-04-21T02:00:00+02:00,True,2008-04-21T02:00:00+02:00
191,{},southerniroquoian,Southern Iroquoian,,,71,,d66ff33,2008-04-21T02:00:00+02:00,True,2008-04-21T02:00:00+02:00
192,{},northerniroquoian,Northern Iroquoian,,,71,,d990099,2008-04-21T02:00:00+02:00,True,2008-04-21T02:00:00+02:00
193,{},itonama,Itonama,,,72,,d9999ff,2008-04-21T02:00:00+02:00,True,2008-04-21T02:00:00+02:00
194,{},jabuti,Jabutí,,,73,,d99ffff,2008-04-21T02:00:00+02:00,True,2008-04-21T02:00:00+02:00
195,{},japanese,Japanese,,,74,,daa0000,2008-04-21T02:00:00+02:00,True,2008-04-21T02:00:00+02:00
196,{},jirajaran,Jirajaran,,,75,,dcccccc,2008-04-21T02:00:00+02:00,True,2008-04-21T02:00:00+02:00
197,{},jivaroan,Jivaroan,,,76,,ddd0000,2008-04-21T02:00:00+02:00,True,2008-04-21T02:00:00+02:00
198,{},kadugli,Kadugli,,,77,,dff4400,2008-04-21T02:00:00+02:00,True,2008-04-21T02:00:00+02:00
199,{},kalapuyan,Kalapuyan,,,78,,dff6600,2008-04-21T02:00:00+02:00,True,2008-04-21T02:00:00+02:00
200,{},kapixana,Kapixana,,,212,,dff66ff,2008-04-21T02:00:00+02:00,True,2008-04-21T02:00:00+02:00
201,{},karankawa,Karankawa,,,79,,dffcc00,2008-04-21T02:00:00+02:00,True,2008-04-21T02:00:00+02:00
202,{},kariri,Kariri,,,206,,dffff00,2008-04-21T02:00:00+02:00,True,2008-04-21T02:00:00+02:00
203,{},karkaryuri,Karkar-Yuri,,,80,,dffffcc,2008-04-21T02:00:00+02:00,True,2008-04-21T02:00:00+02:00
204,{},karok,Karok,,,81,,dffffff,2008-04-21T02:00:00+02:00,True,2008-04-21T02:00:00+02:00
205,{},kartvelian,Kartvelian,,,82,,f000000,2008-04-21T02:00:00+02:00,True,2008-04-21T02:00:00+02:00
206,{},katukinan,Katukinan,,,83,,f0000dd,2008-04-21T02:00:00+02:00,True,2008-04-21T02:00:00+02:00
207,{},kaure,Kaure,,,84,,f009900,2008-04-21T02:00:00+02:00,True,2008-04-21T02:00:00+02:00
208,{},kayagar,Kayagar,,,85,,f66ff33,2008-04-21T02:00:00+02:00,True,2008-04-21T02:00:00+02:00
209,{},keresan,Keresan,,,86,,f990099,2008-04-21T02:00:00+02:00,True,2008-04-21T02:00:00+02:00
215,{},kiowatanoan,Kiowa-Tanoan,,,88,,fff4400,2008-04-21T02:00:00+02:00,True,2008-04-21T02:00:00+02:00
216,{},kiwaian,Kiwaian,,,89,,fff6600,2008-04-21T02:00:00+02:00,True,2008-04-21T02:00:00+02:00
217,{},kolopom,Kolopom,,,90,,fff66ff,2008-04-21T02:00:00+02:00,True,2008-04-21T02:00:00+02:00
218,{},korean,Korean,,,91,,fffcc00,2008-04-21T02:00:00+02:00,True,2008-04-21T02:00:00+02:00
219,{},kunza,Kunza,,,92,,fffff00,2008-04-21T02:00:00+02:00,True,2008-04-21T02:00:00+02:00
220,{},kuot,Kuot,,,93,,fffffcc,2008-04-21T02:00:00+02:00,True,2008-04-21T02:00:00+02:00
221,{},kusunda,Kusunda,,,94,,fffffff,2008-04-21T02:00:00+02:00,True,2008-04-21T02:00:00+02:00
222,{},kutenai,Kutenai,,,95,,s000000,2008-04-21T02:00:00+02:00,True,2008-04-21T02:00:00+02:00
223,{},kwaza,Kwaza,,,96,,s0000dd,2008-04-21T02:00:00+02:00,True,2008-04-21T02:00:00+02:00
224,{},kwerba,Kwerba,,,97,,s009900,2008-04-21T02:00:00+02:00,True,2008-04-21T02:00:00+02:00
225,{},kwomtari,Kwomtari,,,209,,s66ff33,2008-04-21T02:00:00+02:00,True,2008-04-21T02:00:00+02:00
226,{},fas,Fas,,,209,,s990099,2008-04-21T02:00:00+02:00,True,2008-04-21T02:00:00+02:00
227,{},laal,Laal,,,98,,s9999ff,2008-04-21T02:00:00+02:00,True,2008-04-21T02:00:00+02:00
228,{},lakesplain,Lakes Plain,,,99,,s99ffff,2008-04-21T02:00:00+02:00,True,2008-04-21T02:00:00+02:00
229,{},leftmay,Left May,,,210,,saa0000,2008-04-21T02:00:00+02:00,True,2008-04-21T02:00:00+02:00
230,{},leko,Leko,,,211,,scccccc,2008-04-21T02:00:00+02:00,True,2008-04-21T02:00:00+02:00
231,{},lowersepik,Lower Sepik,,,100,,sdd0000,2008-04-21T02:00:00+02:00,True,2008-04-21T02:00:00+02:00
232,{},botin,Botin,,,100,,sff4400,2008-04-21T02:00:00+02:00,True,2008-04-21T02:00:00+02:00
233,{},annaberg,Annaberg,,,100,,sff6600,2008-04-21T02:00:00+02:00,True,2008-04-21T02:00:00+02:00
234,{},mikarew,Mikarew,,,100,,sff66ff,2008-04-21T02:00:00+02:00,True,2008-04-21T02:00:00+02:00
235,{},lowerramu,Lower Ramu,,,100,,sffcc00,2008-04-21T02:00:00+02:00,True,2008-04-21T02:00:00+02:00
236,{},lule,Lule,,,101,,sffff00,2008-04-21T02:00:00+02:00,True,2008-04-21T02:00:00+02:00
237,{},yate,Yatê,,,102,,sffffcc,2008-04-21T02:00:00+02:00,True,2008-04-21T02:00:00+02:00
238,{},gekaingang,Ge-Kaingang,,,102,,sffffff,2008-04-21T02:00:00+02:00,True,2008-04-21T02:00:00+02:00
239,{},maxakali,Maxakalí,,,102,,t000000,2008-04-21T02:00:00+02:00,True,2008-04-21T02:00:00+02:00
240,{},botocudo,Botocudo,,,102,,t0000dd,2008-04-21T02:00:00+02:00,True,2008-04-21T02:00:00+02:00
241,{},guato,Guató,,,102,,t009900,2008-04-21T02:00:00+02:00,True,2008-04-21T02:00:00+02:00
242,{},bororo,Bororo,,,102,,t66ff33,2008-04-21T02:00:00+02:00,True,2008-04-21T02:00:00+02:00
243,{},karaja,Karajá,,,102,,t990099,2008-04-21T02:00:00+02:00,True,2008-04-21T02:00:00+02:00
244,{},rikbaktsa,Rikbaktsa,,,102,,t9999ff,2008-04-21T02:00:00+02:00,True,2008-04-21T02:00:00+02:00
245,{},maku,Máku,,,103,,t99ffff,2008-04-21T02:00:00+02:00,True,2008-04-21T02:00:00+02:00
246,{},marindproper,Marind Proper,,,104,,taa0000,2008-04-21T02:00:00+02:00,True,2008-04-21T02:00:00+02:00
247,{},southbirdshead,South Bird's Head,,,104,,tcccccc,2008-04-21T02:00:00+02:00,True,2008-04-21T02:00:00+02:00
248,{},mascoian,Mascoian,,,105,,tdd0000,2008-04-21T02:00:00+02:00,True,2008-04-21T02:00:00+02:00
249,{},matacoan,Matacoan,,,106,,tff4400,2008-04-21T02:00:00+02:00,True,2008-04-21T02:00:00+02:00
214,{},sandawe,Sandawe,,,373,,fdd0000,2015-07-10T11:36:16.231148+02:00,True,2008-04-21T02:00:00+02:00
250,{},mayan,Mayan,,,107,,tff6600,2008-04-21T02:00:00+02:00,True,2008-04-21T02:00:00+02:00
251,{},misumalpan,Misumalpan,,,108,,tff66ff,2008-04-21T02:00:00+02:00,True,2008-04-21T02:00:00+02:00
252,{},mixezoque,Mixe-Zoque,,,109,,tffcc00,2008-04-21T02:00:00+02:00,True,2008-04-21T02:00:00+02:00
253,{},mombum,Mombum,,,110,,tffff00,2008-04-21T02:00:00+02:00,True,2008-04-21T02:00:00+02:00
254,{},monumbo,Monumbo,,,111,,tffffcc,2008-04-21T02:00:00+02:00,True,2008-04-21T02:00:00+02:00
255,{},moreheadanduppermarorivers,Morehead and Upper Maro Rivers,,,112,,tffffff,2008-04-21T02:00:00+02:00,True,2008-04-21T02:00:00+02:00
256,{},morwap,Morwap,,,113,,c000000,2008-04-21T02:00:00+02:00,True,2008-04-21T02:00:00+02:00
257,{},mosetenan,Mosetenan,,,114,,c0000dd,2008-04-21T02:00:00+02:00,True,2008-04-21T02:00:00+02:00
258,{},movima,Movima,,,115,,c009900,2008-04-21T02:00:00+02:00,True,2008-04-21T02:00:00+02:00
259,{},mura,Mura,,,116,,c66ff33,2008-04-21T02:00:00+02:00,True,2008-04-21T02:00:00+02:00
260,{},muskogean,Muskogean,,,117,,c990099,2008-04-21T02:00:00+02:00,True,2008-04-21T02:00:00+02:00
261,{},nadahup,Nadahup,,,177,,c9999ff,2008-04-21T02:00:00+02:00,True,2008-04-21T02:00:00+02:00
262,{},athapaskan,Athapaskan,,,118,,c99ffff,2008-04-21T02:00:00+02:00,True,2008-04-21T02:00:00+02:00
263,{},tlingit,Tlingit,,,118,,caa0000,2008-04-21T02:00:00+02:00,True,2008-04-21T02:00:00+02:00
264,{},eyak,Eyak,,,118,,ccccccc,2008-04-21T02:00:00+02:00,True,2008-04-21T02:00:00+02:00
265,{},nahali,Nahali,,,119,,cdd0000,2008-04-21T02:00:00+02:00,True,2008-04-21T02:00:00+02:00
266,{},lakdargwa,Lak-Dargwa,,,120,Daghestanian,cff4400,2008-04-21T02:00:00+02:00,True,2008-04-21T02:00:00+02:00
267,{},lezgic,Lezgic,,,120,Daghestanian,cff6600,2008-04-21T02:00:00+02:00,True,2008-04-21T02:00:00+02:00
268,{},nakh,Nakh,,,120,,cff66ff,2008-04-21T02:00:00+02:00,True,2008-04-21T02:00:00+02:00
269,{},avarandictsezic,Avar-Andic-Tsezic,,,120,Daghestanian,cffcc00,2008-04-21T02:00:00+02:00,True,2008-04-21T02:00:00+02:00
270,{},nambikuaran,Nambikuaran,,,121,,cffff00,2008-04-21T02:00:00+02:00,True,2008-04-21T02:00:00+02:00
271,{},natchez,Natchez,,,122,,cffffcc,2008-04-21T02:00:00+02:00,True,2008-04-21T02:00:00+02:00
272,{},igboid,Igboid,,,123,Benue-Congo,cffffff,2008-04-21T02:00:00+02:00,True,2008-04-21T02:00:00+02:00
274,{},bantoid,Bantoid,,,123,Benue-Congo,d0000dd,2008-04-21T02:00:00+02:00,True,2008-04-21T02:00:00+02:00
275,{},kwa,Kwa,,,123,,d009900,2008-04-21T02:00:00+02:00,True,2008-04-21T02:00:00+02:00
276,{},northernatlantic,Northern Atlantic,,,123,Atlantic,d66ff33,2008-04-21T02:00:00+02:00,True,2008-04-21T02:00:00+02:00
277,{},kru,Kru,,,123,,d990099,2008-04-21T02:00:00+02:00,True,2008-04-21T02:00:00+02:00
278,{},nupoid,Nupoid,,,123,Benue-Congo,d9999ff,2008-04-21T02:00:00+02:00,True,2008-04-21T02:00:00+02:00
279,{},adamawa,Adamawa,,,123,Adamawa-Ubangi,d99ffff,2008-04-21T02:00:00+02:00,True,2008-04-21T02:00:00+02:00
283,{},platoid,Platoid,,,123,Benue-Congo,dff4400,2008-04-21T02:00:00+02:00,True,2008-04-21T02:00:00+02:00
286,{},kainji,Kainji,,,123,Benue-Congo,dffcc00,2008-04-21T02:00:00+02:00,True,2008-04-21T02:00:00+02:00
287,{},ubangi,Ubangi,,,123,Adamawa-Ubangi,dffff00,2008-04-21T02:00:00+02:00,True,2008-04-21T02:00:00+02:00
289,{},idomoid,Idomoid,,,123,Benue-Congo,dffffff,2008-04-21T02:00:00+02:00,True,2008-04-21T02:00:00+02:00
290,{},gur,Gur,,,123,,f000000,2008-04-21T02:00:00+02:00,True,2008-04-21T02:00:00+02:00
293,{},crossriver,Cross River,,,123,Benue-Congo,f66ff33,2008-04-21T02:00:00+02:00,True,2008-04-21T02:00:00+02:00
294,{},defoid,Defoid,,,123,Benue-Congo,f990099,2008-04-21T02:00:00+02:00,True,2008-04-21T02:00:00+02:00
295,{},edoid,Edoid,,,123,Benue-Congo,f9999ff,2008-04-21T02:00:00+02:00,True,2008-04-21T02:00:00+02:00
323,{},nimboran,Nimboran,,,125,,sffffff,2008-04-21T02:00:00+02:00,True,2008-04-21T02:00:00+02:00
324,{},nivkh,Nivkh,,,126,,t000000,2008-04-21T02:00:00+02:00,True,2008-04-21T02:00:00+02:00
325,{},northwestcaucasian,Northwest Caucasian,,,127,,t0000dd,2008-04-21T02:00:00+02:00,True,2008-04-21T02:00:00+02:00
326,{},oksapmin,Oksapmin,,,128,,t009900,2008-04-21T02:00:00+02:00,True,2008-04-21T02:00:00+02:00
327,{},coosan,Coosan,,,129,,t66ff33,2008-04-21T02:00:00+02:00,True,2008-04-21T02:00:00+02:00
328,{},alsea,Alsea,,,129,,t990099,2008-04-21T02:00:00+02:00,True,2008-04-21T02:00:00+02:00
329,{},siuslawan,Siuslawan,,,129,,t9999ff,2008-04-21T02:00:00+02:00,True,2008-04-21T02:00:00+02:00
319,{},berta,Berta,,,377,,sff66ff,2015-07-10T11:36:16.231148+02:00,True,2008-04-21T02:00:00+02:00
330,{},signlanguages,Sign Languages,,,130,,t99ffff,2008-04-21T02:00:00+02:00,True,2008-04-21T02:00:00+02:00
331,{},creolesandpidgins,Creoles and Pidgins,,,130,,taa0000,2008-04-21T02:00:00+02:00,True,2008-04-21T02:00:00+02:00
332,{},zapotecan,Zapotecan,,,131,,tcccccc,2008-04-21T02:00:00+02:00,True,2008-04-21T02:00:00+02:00
333,{},subtiabatlapanec,Subtiaba-Tlapanec,,,131,,tdd0000,2008-04-21T02:00:00+02:00,True,2008-04-21T02:00:00+02:00
334,{},mixtecan,Mixtecan,,,131,,tff4400,2008-04-21T02:00:00+02:00,True,2008-04-21T02:00:00+02:00
335,{},chinantecan,Chinantecan,,,131,,tff6600,2008-04-21T02:00:00+02:00,True,2008-04-21T02:00:00+02:00
336,{},otomian,Otomian,,,131,,tff66ff,2008-04-21T02:00:00+02:00,True,2008-04-21T02:00:00+02:00
337,{},amuzgoan,Amuzgoan,,,131,,tffcc00,2008-04-21T02:00:00+02:00,True,2008-04-21T02:00:00+02:00
338,{},pamean,Pamean,,,131,,tffff00,2008-04-21T02:00:00+02:00,True,2008-04-21T02:00:00+02:00
339,{},popolocan,Popolocan,,,131,,tffffcc,2008-04-21T02:00:00+02:00,True,2008-04-21T02:00:00+02:00
340,{},chichimec,Chichimec,,,131,,tffffff,2008-04-21T02:00:00+02:00,True,2008-04-21T02:00:00+02:00
341,{},paezan,Páezan,,,132,,c000000,2008-04-21T02:00:00+02:00,True,2008-04-21T02:00:00+02:00
342,{},panoan,Panoan,,,133,,c0000dd,2008-04-21T02:00:00+02:00,True,2008-04-21T02:00:00+02:00
343,{},pebayaguan,Peba-Yaguan,,,134,,c009900,2008-04-21T02:00:00+02:00,True,2008-04-21T02:00:00+02:00
344,{},yokuts,Yokuts,,,135,,c66ff33,2008-04-21T02:00:00+02:00,True,2008-04-21T02:00:00+02:00
345,{},maiduan,Maiduan,,,135,,c990099,2008-04-21T02:00:00+02:00,True,2008-04-21T02:00:00+02:00
346,{},chinookan,Chinookan,,,135,,c9999ff,2008-04-21T02:00:00+02:00,True,2008-04-21T02:00:00+02:00
347,{},costanoan,Costanoan,,,135,Utian,c99ffff,2008-04-21T02:00:00+02:00,True,2008-04-21T02:00:00+02:00
348,{},sahaptian,Sahaptian,,,135,,caa0000,2008-04-21T02:00:00+02:00,True,2008-04-21T02:00:00+02:00
349,{},wintuan,Wintuan,,,135,,ccccccc,2008-04-21T02:00:00+02:00,True,2008-04-21T02:00:00+02:00
350,{},miwok,Miwok,,,135,Utian,cdd0000,2008-04-21T02:00:00+02:00,True,2008-04-21T02:00:00+02:00
351,{},molala,Molala,,,135,,cff4400,2008-04-21T02:00:00+02:00,True,2008-04-21T02:00:00+02:00
352,{},tsimshianic,Tsimshianic,,,135,,cff6600,2008-04-21T02:00:00+02:00,True,2008-04-21T02:00:00+02:00
353,{},klamathmodoc,Klamath-Modoc,,,135,,cff66ff,2008-04-21T02:00:00+02:00,True,2008-04-21T02:00:00+02:00
354,{},puinave,Puinave,,,136,,cffcc00,2008-04-21T02:00:00+02:00,True,2008-04-21T02:00:00+02:00
355,{},puquina,Puquina,,,137,,cffff00,2008-04-21T02:00:00+02:00,True,2008-04-21T02:00:00+02:00
356,{},quechuan,Quechuan,,,138,,cffffcc,2008-04-21T02:00:00+02:00,True,2008-04-21T02:00:00+02:00
357,{},saliba,Sáliba,,,139,,cffffff,2008-04-21T02:00:00+02:00,True,2008-04-21T02:00:00+02:00
358,{},piaroa,Piaroa,,,139,,d000000,2008-04-21T02:00:00+02:00,True,2008-04-21T02:00:00+02:00
359,{},salinan,Salinan,,,140,,d0000dd,2008-04-21T02:00:00+02:00,True,2008-04-21T02:00:00+02:00
360,{},centralsalish,Central Salish,,,141,,d009900,2008-04-21T02:00:00+02:00,True,2008-04-21T02:00:00+02:00
361,{},tillamook,Tillamook,,,141,,d66ff33,2008-04-21T02:00:00+02:00,True,2008-04-21T02:00:00+02:00
362,{},interiorsalish,Interior Salish,,,141,,d990099,2008-04-21T02:00:00+02:00,True,2008-04-21T02:00:00+02:00
363,{},bellacoola,Bella Coola,,,141,,d9999ff,2008-04-21T02:00:00+02:00,True,2008-04-21T02:00:00+02:00
364,{},tsamosan,Tsamosan,,,141,,d99ffff,2008-04-21T02:00:00+02:00,True,2008-04-21T02:00:00+02:00
365,{},senagi,Senagi,,,142,,daa0000,2008-04-21T02:00:00+02:00,True,2008-04-21T02:00:00+02:00
366,{},sentani,Sentani,,,143,,dcccccc,2008-04-21T02:00:00+02:00,True,2008-04-21T02:00:00+02:00
367,{},uppersepik,Upper Sepik,,,144,,ddd0000,2008-04-21T02:00:00+02:00,True,2008-04-21T02:00:00+02:00
368,{},middlesepik,Middle Sepik,,,144,,dff4400,2008-04-21T02:00:00+02:00,True,2008-04-21T02:00:00+02:00
369,{},ram,Ram,,,144,,dff6600,2008-04-21T02:00:00+02:00,True,2008-04-21T02:00:00+02:00
370,{},sepikhill,Sepik Hill,,,144,,dff66ff,2008-04-21T02:00:00+02:00,True,2008-04-21T02:00:00+02:00
371,{},tamasepik,Tama Sepik,,,144,,dffcc00,2008-04-21T02:00:00+02:00,True,2008-04-21T02:00:00+02:00
372,{},yellowriver,Yellow River,,,144,,dffff00,2008-04-21T02:00:00+02:00,True,2008-04-21T02:00:00+02:00
373,{},shompen,Shompen,,,208,,dffffcc,2008-04-21T02:00:00+02:00,True,2008-04-21T02:00:00+02:00
374,{},westernarunachal,Western Arunachal,,,145,Tibeto-Burman,dffffff,2008-04-21T02:00:00+02:00,True,2008-04-21T02:00:00+02:00
375,{},chinese,Chinese,,,145,,f000000,2008-04-21T02:00:00+02:00,True,2008-04-21T02:00:00+02:00
376,{},digaroan,Digaroan,,,145,Tibeto-Burman,f0000dd,2008-04-21T02:00:00+02:00,True,2008-04-21T02:00:00+02:00
378,{},karen,Karen,,,145,Tibeto-Burman,f66ff33,2008-04-21T02:00:00+02:00,True,2008-04-21T02:00:00+02:00
379,{},lepcha,Lepcha,,,145,Tibeto-Burman,f990099,2008-04-21T02:00:00+02:00,True,2008-04-21T02:00:00+02:00
380,{},burmeselolo,Burmese-Lolo,,,145,Tibeto-Burman,f9999ff,2008-04-21T02:00:00+02:00,True,2008-04-21T02:00:00+02:00
381,{},bai,Bai,,,145,Tibeto-Burman,f99ffff,2008-04-21T02:00:00+02:00,True,2008-04-21T02:00:00+02:00
382,{},tani,Tani,,,145,Tibeto-Burman,faa0000,2008-04-21T02:00:00+02:00,True,2008-04-21T02:00:00+02:00
383,{},bodogaro,Bodo-Garo,,,145,Tibeto-Burman,fcccccc,2008-04-21T02:00:00+02:00,True,2008-04-21T02:00:00+02:00
384,{},naxi,Naxi,,,145,Tibeto-Burman,fdd0000,2008-04-21T02:00:00+02:00,True,2008-04-21T02:00:00+02:00
385,{},nungish,Nungish,,,145,Tibeto-Burman,fff4400,2008-04-21T02:00:00+02:00,True,2008-04-21T02:00:00+02:00
386,{},kukichin,Kuki-Chin,,,145,Tibeto-Burman,fff6600,2008-04-21T02:00:00+02:00,True,2008-04-21T02:00:00+02:00
387,{},qiangic,Qiangic,,,145,Tibeto-Burman,fff66ff,2008-04-21T02:00:00+02:00,True,2008-04-21T02:00:00+02:00
388,{},northernnaga,Northern Naga,,,145,Tibeto-Burman,fffcc00,2008-04-21T02:00:00+02:00,True,2008-04-21T02:00:00+02:00
389,{},bodic,Bodic,,,145,Tibeto-Burman,fffff00,2008-04-21T02:00:00+02:00,True,2008-04-21T02:00:00+02:00
390,{},rgyalrong,rGyalrong,,,145,Tibeto-Burman,fffffcc,2008-04-21T02:00:00+02:00,True,2008-04-21T02:00:00+02:00
391,{},siouan,Siouan,,,146,,fffffff,2008-04-21T02:00:00+02:00,True,2008-04-21T02:00:00+02:00
392,{},westernskou,Western Skou,,,147,,s000000,2008-04-21T02:00:00+02:00,True,2008-04-21T02:00:00+02:00
393,{},serrahills,Serra Hills,,,147,,s0000dd,2008-04-21T02:00:00+02:00,True,2008-04-21T02:00:00+02:00
394,{},warapu,Warapu,,,147,,s009900,2008-04-21T02:00:00+02:00,True,2008-04-21T02:00:00+02:00
395,{},krisa,Krisa,,,147,,s66ff33,2008-04-21T02:00:00+02:00,True,2008-04-21T02:00:00+02:00
396,{},lavukaleve,Lavukaleve,,,203,,s990099,2008-04-21T02:00:00+02:00,True,2008-04-21T02:00:00+02:00
397,{},savosavo,Savosavo,,,203,,s9999ff,2008-04-21T02:00:00+02:00,True,2008-04-21T02:00:00+02:00
398,{},bilua,Bilua,,,203,,s99ffff,2008-04-21T02:00:00+02:00,True,2008-04-21T02:00:00+02:00
399,{},southandamanese,South Andamanese,,,202,,saa0000,2008-04-21T02:00:00+02:00,True,2008-04-21T02:00:00+02:00
400,{},sulka,Sulka,,,148,,scccccc,2008-04-21T02:00:00+02:00,True,2008-04-21T02:00:00+02:00
401,{},sulung,Sulung,,,204,,sdd0000,2008-04-21T02:00:00+02:00,True,2008-04-21T02:00:00+02:00
402,{},tacame,Tacame,,,149,,sff4400,2008-04-21T02:00:00+02:00,True,2008-04-21T02:00:00+02:00
403,{},tacanan,Tacanan,,,150,,sff6600,2008-04-21T02:00:00+02:00,True,2008-04-21T02:00:00+02:00
404,{},kamtai,Kam-Tai,,,151,,sff66ff,2008-04-21T02:00:00+02:00,True,2008-04-21T02:00:00+02:00
405,{},kadai,Kadai,,,151,,sffcc00,2008-04-21T02:00:00+02:00,True,2008-04-21T02:00:00+02:00
406,{},hlai,Hlai,,,151,,sffff00,2008-04-21T02:00:00+02:00,True,2008-04-21T02:00:00+02:00
407,{},takelma,Takelma,,,152,,sffffcc,2008-04-21T02:00:00+02:00,True,2008-04-21T02:00:00+02:00
408,{},tarascan,Tarascan,,,153,,sffffff,2008-04-21T02:00:00+02:00,True,2008-04-21T02:00:00+02:00
409,{},tasmanian,Tasmanian,,,154,,t000000,2008-04-21T02:00:00+02:00,True,2008-04-21T02:00:00+02:00
410,{},taushiro,Taushiro,,,155,,t0000dd,2008-04-21T02:00:00+02:00,True,2008-04-21T02:00:00+02:00
411,{},teberan,Teberan,,,156,,t009900,2008-04-21T02:00:00+02:00,True,2008-04-21T02:00:00+02:00
412,{},pawaian,Pawaian,,,156,,t66ff33,2008-04-21T02:00:00+02:00,True,2008-04-21T02:00:00+02:00
413,{},tequistlatecan,Tequistlatecan,,,157,,t990099,2008-04-21T02:00:00+02:00,True,2008-04-21T02:00:00+02:00
414,{},ticuna,Ticuna,,,158,,t9999ff,2008-04-21T02:00:00+02:00,True,2008-04-21T02:00:00+02:00
415,{},kolanatanglapui,Kolana-Tanglapui,,,205,,t99ffff,2008-04-21T02:00:00+02:00,True,2008-04-21T02:00:00+02:00
416,{},makasaefatalukuoirata,Makasae-Fataluku-Oirata,,,205,,taa0000,2008-04-21T02:00:00+02:00,True,2008-04-21T02:00:00+02:00
417,{},greateralor,Greater Alor,,,205,,tcccccc,2008-04-21T02:00:00+02:00,True,2008-04-21T02:00:00+02:00
418,{},timotecuica,Timote-Cuica,,,159,,tdd0000,2008-04-21T02:00:00+02:00,True,2008-04-21T02:00:00+02:00
419,{},timucua,Timucua,,,160,,tff4400,2008-04-21T02:00:00+02:00,True,2008-04-21T02:00:00+02:00
420,{},tol,Tol,,,161,,tff6600,2008-04-21T02:00:00+02:00,True,2008-04-21T02:00:00+02:00
421,{},tonkawa,Tonkawa,,,162,,tff66ff,2008-04-21T02:00:00+02:00,True,2008-04-21T02:00:00+02:00
422,{},orya,Orya,,,163,,tffcc00,2008-04-21T02:00:00+02:00,True,2008-04-21T02:00:00+02:00
423,{},tor,Tor,,,163,,tffff00,2008-04-21T02:00:00+02:00,True,2008-04-21T02:00:00+02:00
424,{},urim,Urim,,,164,,tffffcc,2008-04-21T02:00:00+02:00,True,2008-04-21T02:00:00+02:00
425,{},marienberg,Marienberg,,,164,,tffffff,2008-04-21T02:00:00+02:00,True,2008-04-21T02:00:00+02:00
426,{},westwapei,West Wapei,,,164,,c000000,2008-04-21T02:00:00+02:00,True,2008-04-21T02:00:00+02:00
427,{},kombioarapesh,Kombio-Arapesh,,,164,,c0000dd,2008-04-21T02:00:00+02:00,True,2008-04-21T02:00:00+02:00
428,{},wapeipalei,Wapei-Palei,,,164,,c009900,2008-04-21T02:00:00+02:00,True,2008-04-21T02:00:00+02:00
429,{},totonacan,Totonacan,,,165,,c66ff33,2008-04-21T02:00:00+02:00,True,2008-04-21T02:00:00+02:00
430,{},easternhighlands,Eastern Highlands,,,166,,c990099,2008-04-21T02:00:00+02:00,True,2008-04-21T02:00:00+02:00
431,{},duna,Duna,,,166,,c9999ff,2008-04-21T02:00:00+02:00,True,2008-04-21T02:00:00+02:00
432,{},dani,Dani,,,166,,c99ffff,2008-04-21T02:00:00+02:00,True,2008-04-21T02:00:00+02:00
433,{},engan,Engan,,,166,,caa0000,2008-04-21T02:00:00+02:00,True,2008-04-21T02:00:00+02:00
434,{},finisterrehuon,Finisterre-Huon,,,166,,ccccccc,2008-04-21T02:00:00+02:00,True,2008-04-21T02:00:00+02:00
435,{},goilalan,Goilalan,,,166,,cdd0000,2008-04-21T02:00:00+02:00,True,2008-04-21T02:00:00+02:00
436,{},wissellakeskemandoga,Wissel Lakes-Kemandoga,,,166,,cff4400,2008-04-21T02:00:00+02:00,True,2008-04-21T02:00:00+02:00
437,{},madang,Madang,,,166,,cff6600,2008-04-21T02:00:00+02:00,True,2008-04-21T02:00:00+02:00
438,{},chimbu,Chimbu,,,166,,cff66ff,2008-04-21T02:00:00+02:00,True,2008-04-21T02:00:00+02:00
439,{},koiarian,Koiarian,,,166,,cffcc00,2008-04-21T02:00:00+02:00,True,2008-04-21T02:00:00+02:00
440,{},fasu,Fasu,,,166,,cffff00,2008-04-21T02:00:00+02:00,True,2008-04-21T02:00:00+02:00
441,{},ok,Ok,,,166,,cffffcc,2008-04-21T02:00:00+02:00,True,2008-04-21T02:00:00+02:00
442,{},binanderean,Binanderean,,,166,,cffffff,2008-04-21T02:00:00+02:00,True,2008-04-21T02:00:00+02:00
443,{},momuna,Momuna,,,166,,d000000,2008-04-21T02:00:00+02:00,True,2008-04-21T02:00:00+02:00
444,{},kutubuan,Kutubuan,,,166,,d0000dd,2008-04-21T02:00:00+02:00,True,2008-04-21T02:00:00+02:00
445,{},awjudumut,Awju-Dumut,,,166,,d009900,2008-04-21T02:00:00+02:00,True,2008-04-21T02:00:00+02:00
446,{},mek,Mek,,,166,,d66ff33,2008-04-21T02:00:00+02:00,True,2008-04-21T02:00:00+02:00
447,{},asmatkamoro,Asmat-Kamoro,,,166,,d990099,2008-04-21T02:00:00+02:00,True,2008-04-21T02:00:00+02:00
448,{},mairasitanahmerah,Mairasi-Tanahmerah,,,166,,d9999ff,2008-04-21T02:00:00+02:00,True,2008-04-21T02:00:00+02:00
449,{},angan,Angan,,,166,,d99ffff,2008-04-21T02:00:00+02:00,True,2008-04-21T02:00:00+02:00
450,{},mailuan,Mailuan,,,166,,daa0000,2008-04-21T02:00:00+02:00,True,2008-04-21T02:00:00+02:00
451,{},trumai,Trumai,,,167,,dcccccc,2008-04-21T02:00:00+02:00,True,2008-04-21T02:00:00+02:00
452,{},tucanoan,Tucanoan,,,168,,ddd0000,2008-04-21T02:00:00+02:00,True,2008-04-21T02:00:00+02:00
453,{},tunica,Tunica,,,169,,dff4400,2008-04-21T02:00:00+02:00,True,2008-04-21T02:00:00+02:00
454,{},tupari,Tupari,,,170,,dff6600,2008-04-21T02:00:00+02:00,True,2008-04-21T02:00:00+02:00
455,{},monde,Monde,,,170,,dff66ff,2008-04-21T02:00:00+02:00,True,2008-04-21T02:00:00+02:00
456,{},ramarama,Ramarama,,,170,,dffcc00,2008-04-21T02:00:00+02:00,True,2008-04-21T02:00:00+02:00
457,{},tupiguarani,Tupi-Guaraní,,,170,,dffff00,2008-04-21T02:00:00+02:00,True,2008-04-21T02:00:00+02:00
458,{},arikem,Arikem,,,170,,dffffcc,2008-04-21T02:00:00+02:00,True,2008-04-21T02:00:00+02:00
459,{},munduruku,Munduruku,,,170,,dffffff,2008-04-21T02:00:00+02:00,True,2008-04-21T02:00:00+02:00
460,{},turamakikorian,Turama-Kikorian,,,171,,f000000,2008-04-21T02:00:00+02:00,True,2008-04-21T02:00:00+02:00
462,{},saami,Saami,,,173,Finno-Ugric,f009900,2008-04-21T02:00:00+02:00,True,2008-04-21T02:00:00+02:00
463,{},samoyedic,Samoyedic,,,173,,f66ff33,2008-04-21T02:00:00+02:00,True,2008-04-21T02:00:00+02:00
464,{},ugric,Ugric,,,173,Finno-Ugric,f990099,2008-04-21T02:00:00+02:00,True,2008-04-21T02:00:00+02:00
465,{},finnic,Finnic,,,173,Finno-Ugric,f9999ff,2008-04-21T02:00:00+02:00,True,2008-04-21T02:00:00+02:00
466,{},mari,Mari,,,173,Finno-Ugric,f99ffff,2008-04-21T02:00:00+02:00,True,2008-04-21T02:00:00+02:00
467,{},mordvin,Mordvin,,,173,Finno-Ugric,faa0000,2008-04-21T02:00:00+02:00,True,2008-04-21T02:00:00+02:00
468,{},permic,Permic,,,173,Finno-Ugric,fcccccc,2008-04-21T02:00:00+02:00,True,2008-04-21T02:00:00+02:00
469,{},urarina,Urarina,,,174,,fdd0000,2008-04-21T02:00:00+02:00,True,2008-04-21T02:00:00+02:00
470,{},uruchipaya,Uru-Chipaya,,,175,,fff4400,2008-04-21T02:00:00+02:00,True,2008-04-21T02:00:00+02:00
471,{},corachol,Corachol,,,176,,fff6600,2008-04-21T02:00:00+02:00,True,2008-04-21T02:00:00+02:00
472,{},tubar,Tubar,,,176,,fff66ff,2008-04-21T02:00:00+02:00,True,2008-04-21T02:00:00+02:00
473,{},hopi,Hopi,,,176,,fffcc00,2008-04-21T02:00:00+02:00,True,2008-04-21T02:00:00+02:00
474,{},takic,Takic,,,176,,fffff00,2008-04-21T02:00:00+02:00,True,2008-04-21T02:00:00+02:00
475,{},cahita,Cahita,,,176,,fffffcc,2008-04-21T02:00:00+02:00,True,2008-04-21T02:00:00+02:00
476,{},aztecan,Aztecan,,,176,,fffffff,2008-04-21T02:00:00+02:00,True,2008-04-21T02:00:00+02:00
477,{},numic,Numic,,,176,,s000000,2008-04-21T02:00:00+02:00,True,2008-04-21T02:00:00+02:00
478,{},tepiman,Tepiman,,,176,,s0000dd,2008-04-21T02:00:00+02:00,True,2008-04-21T02:00:00+02:00
479,{},tarahumaran,Tarahumaran,,,176,,s009900,2008-04-21T02:00:00+02:00,True,2008-04-21T02:00:00+02:00
480,{},tubatulabal,Tubatulabal,,,176,,s66ff33,2008-04-21T02:00:00+02:00,True,2008-04-21T02:00:00+02:00
481,{},southernwakashan,Southern Wakashan,,,178,,s990099,2008-04-21T02:00:00+02:00,True,2008-04-21T02:00:00+02:00
482,{},northernwakashan,Northern Wakashan,,,178,,s9999ff,2008-04-21T02:00:00+02:00,True,2008-04-21T02:00:00+02:00
483,{},waorani,Waorani,,,179,,s99ffff,2008-04-21T02:00:00+02:00,True,2008-04-21T02:00:00+02:00
484,{},yukian,Yukian,,,180,,saa0000,2008-04-21T02:00:00+02:00,True,2008-04-21T02:00:00+02:00
485,{},wappo,Wappo,,,180,,scccccc,2008-04-21T02:00:00+02:00,True,2008-04-21T02:00:00+02:00
486,{},warao,Warao,,,181,,sdd0000,2008-04-21T02:00:00+02:00,True,2008-04-21T02:00:00+02:00
487,{},washo,Washo,,,182,,sff4400,2008-04-21T02:00:00+02:00,True,2008-04-21T02:00:00+02:00
488,{},westbomberai,West Bomberai,,,183,,sff6600,2008-04-21T02:00:00+02:00,True,2008-04-21T02:00:00+02:00
489,{},westbougainville,West Bougainville,,,184,,sff66ff,2008-04-21T02:00:00+02:00,True,2008-04-21T02:00:00+02:00
490,{},westernfly,Western Fly,,,186,,sffcc00,2008-04-21T02:00:00+02:00,True,2008-04-21T02:00:00+02:00
491,{},westbirdshead,West Bird's Head,,,185,,sffff00,2008-04-21T02:00:00+02:00,True,2008-04-21T02:00:00+02:00
492,{},kebar,Kebar,,,185,,sffffcc,2008-04-21T02:00:00+02:00,True,2008-04-21T02:00:00+02:00
493,{},northcentralbirdshead,North-Central Bird's Head,,,185,,sffffff,2008-04-21T02:00:00+02:00,True,2008-04-21T02:00:00+02:00
494,{},northhalmaheran,North Halmaheran,,,185,,t000000,2008-04-21T02:00:00+02:00,True,2008-04-21T02:00:00+02:00
495,{},hatam,Hatam,,,185,,t0000dd,2008-04-21T02:00:00+02:00,True,2008-04-21T02:00:00+02:00
496,{},yale,Yale,,,187,,t009900,2008-04-21T02:00:00+02:00,True,2008-04-21T02:00:00+02:00
497,{},yamana,Yámana,,,188,,t66ff33,2008-04-21T02:00:00+02:00,True,2008-04-21T02:00:00+02:00
498,{},yanomam,Yanomam,,,189,,t990099,2008-04-21T02:00:00+02:00,True,2008-04-21T02:00:00+02:00
499,{},yareban,Yareban,,,190,,t9999ff,2008-04-21T02:00:00+02:00,True,2008-04-21T02:00:00+02:00
500,{},yaruro,Yaruro,,,191,,t99ffff,2008-04-21T02:00:00+02:00,True,2008-04-21T02:00:00+02:00
501,{},yawa,Yawa,,,192,,taa0000,2008-04-21T02:00:00+02:00,True,2008-04-21T02:00:00+02:00
502,{},yele,Yele,,,193,,tcccccc,2008-04-21T02:00:00+02:00,True,2008-04-21T02:00:00+02:00
503,{},yeniseian,Yeniseian,,,194,,tdd0000,2008-04-21T02:00:00+02:00,True,2008-04-21T02:00:00+02:00
504,{},yuchi,Yuchi,,,195,,tff4400,2008-04-21T02:00:00+02:00,True,2008-04-21T02:00:00+02:00
505,{},yukaghir,Yukaghir,,,196,,tff6600,2008-04-21T02:00:00+02:00,True,2008-04-21T02:00:00+02:00
506,{},yuracare,Yuracare,,,197,,tff66ff,2008-04-21T02:00:00+02:00,True,2008-04-21T02:00:00+02:00
507,{},yurimangi,Yurimangí,,,198,,tffcc00,2008-04-21T02:00:00+02:00,True,2008-04-21T02:00:00+02:00
508,{},zamucoan,Zamucoan,,,199,,tffff00,2008-04-21T02:00:00+02:00,True,2008-04-21T02:00:00+02:00
509,{},zaparoan,Zaparoan,,,200,,tffffcc,2008-04-21T02:00:00+02:00,True,2008-04-21T02:00:00+02:00
510,{},zuni,Zuni,,,201,,tffffff,2008-04-21T02:00:00+02:00,True,2008-04-21T02:00:00+02:00
377,{},jinghpo,Jingpho,,,145,Tibeto-Burman,f009900,2013-11-15T01:00:00+01:00,True,2008-04-21T02:00:00+02:00
461,{},upperyuat,Piawi,,,172,,f0000dd,2013-11-15T01:00:00+01:00,True,2008-04-21T02:00:00+02:00
511,{},dhimalic,Dhimalic,,,145,Tibeto-Burman,c000000,2013-11-14T10:26:18.101353+01:00,True,2013-11-14T10:26:18.101340+01:00
512,{},mahakiranti,Mahakiranti,,,145,Tibeto-Burman,c0000dd,2013-11-14T10:26:18.239443+01:00,True,2013-11-14T10:26:18.239429+01:00
513,{},greatercentralphilippine,Greater Central Philippine,,,15,,cffffcc,2013-11-14T10:26:18.985498+01:00,True,2013-11-14T10:26:18.985494+01:00
514,{},northernluzon,Northern Luzon,,,15,,cffffff,2013-11-14T10:26:18.985847+01:00,True,2013-11-14T10:26:18.985843+01:00
515,{},centralluzon,Central Luzon,,,15,,d000000,2013-11-14T10:26:18.986135+01:00,True,2013-11-14T10:26:18.986132+01:00
516,{},batanic,Batanic,,,15,,d0000dd,2013-11-14T10:26:18.986417+01:00,True,2013-11-14T10:26:18.986414+01:00
517,{},bilic,Bilic,,,15,,d009900,2013-11-14T10:26:18.986700+01:00,True,2013-11-14T10:26:18.986697+01:00
518,{},northborneo,North Borneo,,,15,,d66ff33,2013-11-14T10:26:18.986977+01:00,True,2013-11-14T10:26:18.986975+01:00
519,{},malayosumbawan,Malayo-Sumbawan,,,15,,d990099,2013-11-14T10:26:18.987254+01:00,True,2013-11-14T10:26:18.987251+01:00
520,{},enggano,Enggano,,,15,,d9999ff,2013-11-14T10:26:18.987535+01:00,True,2013-11-14T10:26:18.987532+01:00
521,{},northwestsumatrabarrierislands,Northwest Sumatra-Barrier Islands,,,15,,d99ffff,2013-11-14T10:26:18.987807+01:00,True,2013-11-14T10:26:18.987805+01:00
522,{},rukai,Rukai,,,15,,daa0000,2013-11-14T10:26:18.988086+01:00,True,2013-11-14T10:26:18.988083+01:00
523,{},minahasan,Minahasan,,,15,,dcccccc,2013-11-14T10:26:18.988358+01:00,True,2013-11-14T10:26:18.988355+01:00
524,{},sangiric,Sangiric,,,15,,ddd0000,2013-11-14T10:26:18.988631+01:00,True,2013-11-14T10:26:18.988629+01:00
525,{},southsulawesi,South Sulawesi,,,15,,dff4400,2013-11-14T10:26:18.988905+01:00,True,2013-11-14T10:26:18.988902+01:00
526,{},celebic,Celebic,,,15,,dff6600,2013-11-14T10:26:18.989191+01:00,True,2013-11-14T10:26:18.989188+01:00
527,{},moraori,Moraori,,,213,,c000000,2013-11-14T10:26:19.130080+01:00,True,2013-11-14T10:26:19.130069+01:00
528,{},aikana,Aikaná,,,214,,c000000,2013-11-14T10:26:19.407022+01:00,True,2013-11-14T10:26:19.407012+01:00
529,{},iranxe,Iranxe,,,215,,c000000,2013-11-14T10:26:19.407947+01:00,True,2013-11-14T10:26:19.407939+01:00
530,{},northernarawakan,Northern Arawakan,,,11,,c000000,2013-11-14T10:26:19.408852+01:00,True,2013-11-14T10:26:19.408841+01:00
531,{},westernarawakan,Western Arawakan,,,11,,c0000dd,2013-11-14T10:26:19.409756+01:00,True,2013-11-14T10:26:19.409747+01:00
532,{},centralarawakan,Central Arawakan,,,11,,c009900,2013-11-14T10:26:19.410588+01:00,True,2013-11-14T10:26:19.410579+01:00
533,{},easternarawakan,Eastern Arawakan,,,11,,c66ff33,2013-11-14T10:26:19.411558+01:00,True,2013-11-14T10:26:19.411547+01:00
534,{},purus,Purus,,,11,,c990099,2013-11-14T10:26:19.412422+01:00,True,2013-11-14T10:26:19.412414+01:00
535,{},boliviaparana,Bolivia-Parana,,,11,,c9999ff,2013-11-14T10:26:19.413335+01:00,True,2013-11-14T10:26:19.413326+01:00
536,{},preandinearawakan,Pre-Andine Arawakan,,,11,,c99ffff,2013-11-14T10:26:19.414146+01:00,True,2013-11-14T10:26:19.414138+01:00
537,{},gbayamanzangbaka,Gbaya-Manza-Ngbaka,,,123,,c000000,2013-11-14T10:26:36.225281+01:00,True,2013-11-14T10:26:36.225269+01:00
594,{},dizoid,Dizoid,,,1,Omotic,tdd0000,2014-07-03T09:49:40.567122+02:00,True,2014-07-03T09:49:40.567118+02:00
595,{},eastformosan,East Formosan,,,15,,fdd0000,2014-07-03T09:49:40.709221+02:00,True,2014-07-03T09:49:40.709215+02:00
596,{},westernplainsaustronesian,Western Plains Austronesian,,,15,,f0000dd,2014-07-03T09:49:40.725232+02:00,True,2014-07-03T09:49:40.725221+02:00
291,{},southernatlantic,Mel,,,123,Atlantic,f0000dd,2014-07-03T09:49:40.739380+02:00,True,2008-04-21T02:00:00+02:00
694,{},nuristani,Nuristani,,,70,,c009900,2014-12-10T14:09:12.797900+01:00,True,2014-12-10T14:09:12.797900+01:00
695,{},kadiweu,Kadiwéu,,,61,,t009900,2014-12-10T14:09:12.797900+01:00,True,2014-12-10T14:09:12.797900+01:00
696,{},southguaicuruan,South Guaicuruan,,,61,,tff6600,2014-12-10T14:09:12.797900+01:00,True,2014-12-10T14:09:12.797900+01:00
697,{},highlandeastcushitic,Highland East Cushitic,,,1,Cushitic,c009900,2014-12-10T14:09:12.797900+01:00,True,2014-12-10T14:09:12.797900+01:00
698,{},lowlandeastcushitic,Lowland East Cushitic,,,1,Cushitic,cff6600,2014-12-10T14:09:12.797900+01:00,True,2014-12-10T14:09:12.797900+01:00
699,{},dahalo,Dahalo,,,1,Cushitic,ccccccc,2014-12-10T14:09:12.797900+01:00,True,2014-12-10T14:09:12.797900+01:00
751,{},rajiraute,Raji-Raute,,,145,Tibeto-Burman,tffff00,2015-07-10T10:13:39.850410+02:00,True,2015-07-10T10:13:39.850410+02:00
212,{},northernkhoisan,Ju-Kung,,,375,,faa0000,2015-07-10T11:36:16.231148+02:00,True,2008-04-21T02:00:00+02:00
210,{},centralkhoisan,Khoe-Kwadi,,,376,,f9999ff,2015-07-10T11:36:16.231148+02:00,True,2008-04-21T02:00:00+02:00
213,{},hoan,=|Hoan,,,375,,fcccccc,2015-07-10T11:36:16.231148+02:00,True,2008-04-21T02:00:00+02:00
317,{},kunama,Kunama,,,378,,sff4400,2015-07-10T11:36:16.231148+02:00,True,2008-04-21T02:00:00+02:00
211,{},southernkhoisan,Tu,,,374,,f99ffff,2015-07-10T11:36:16.231148+02:00,True,2008-04-21T02:00:00+02:00
308,{},songhay,Songhay,,,379,,s0000dd,2015-07-10T11:36:16.231148+02:00,True,2008-04-21T02:00:00+02:00
321,{},gumuz,Gumuz,,,380,,sffff00,2015-07-10T11:36:16.231148+02:00,True,2008-04-21T02:00:00+02:00
300,{},koman,Koman,,,381,,fff4400,2015-07-10T11:36:16.231148+02:00,True,2008-04-21T02:00:00+02:00
310,{},shabo,Shabo,,,382,,s66ff33,2015-07-10T11:36:16.231148+02:00,True,2008-04-21T02:00:00+02:00
313,{},maban,Maban,,,384,,s99ffff,2015-07-10T11:36:16.231148+02:00,True,2008-04-21T02:00:00+02:00
306,{},fur,Fur,,,385,,fffffff,2015-07-10T11:36:16.231148+02:00,True,2008-04-21T02:00:00+02:00
312,{},easternsaharan,Eastern Saharan,,,386,Saharan,s9999ff,2015-07-10T11:36:16.231148+02:00,True,2008-04-21T02:00:00+02:00
309,{},westernsaharan,Western Saharan,,,386,Saharan,s009900,2015-07-10T11:36:16.231148+02:00,True,2008-04-21T02:00:00+02:00
299,{},lendu,Lendu,,,387,,fdd0000,2015-07-10T11:36:16.231148+02:00,True,2008-04-21T02:00:00+02:00
301,{},kresh,Kresh,,,387,,fff6600,2015-07-10T11:36:16.231148+02:00,True,2008-04-21T02:00:00+02:00
303,{},mangbutuefe,Mangbutu-Efe,,,387,,fffcc00,2015-07-10T11:36:16.231148+02:00,True,2008-04-21T02:00:00+02:00
304,{},morumadi,Moru-Ma'di,,,387,,fffff00,2015-07-10T11:36:16.231148+02:00,True,2008-04-21T02:00:00+02:00
305,{},bongobagirmi,Bongo-Bagirmi,,,387,,fffffcc,2015-07-10T11:36:16.231148+02:00,True,2008-04-21T02:00:00+02:00
315,{},mangbetu,Mangbetu,,,387,,scccccc,2015-07-10T11:36:16.231148+02:00,True,2008-04-21T02:00:00+02:00
297,{},temein,Temein,,,388,,faa0000,2015-07-10T11:36:16.231148+02:00,True,2008-04-21T02:00:00+02:00
298,{},easternjebel,Eastern Jebel,,,388,,fcccccc,2015-07-10T11:36:16.231148+02:00,True,2008-04-21T02:00:00+02:00
302,{},nyimang,Nyimang,,,388,,fff66ff,2015-07-10T11:36:16.231148+02:00,True,2008-04-21T02:00:00+02:00
307,{},nubian,Nubian,,,388,,s000000,2015-07-10T11:36:16.231148+02:00,True,2008-04-21T02:00:00+02:00
311,{},taman,Taman,,,388,,s990099,2015-07-10T11:36:16.231148+02:00,True,2008-04-21T02:00:00+02:00
314,{},nara,Nara,,,388,,saa0000,2015-07-10T11:36:16.231148+02:00,True,2008-04-21T02:00:00+02:00
318,{},daju,Daju,,,388,,sff6600,2015-07-10T11:36:16.231148+02:00,True,2008-04-21T02:00:00+02:00
320,{},nilotic,Nilotic,,,388,,sffcc00,2015-07-10T11:36:16.231148+02:00,True,2008-04-21T02:00:00+02:00
322,{},surmic,Surmic,,,388,,sffffcc,2015-07-10T11:36:16.231148+02:00,True,2008-04-21T02:00:00+02:00
316,{},kuliak,Kuliak,,,388,,sdd0000,2015-07-10T11:36:16.231148+02:00,True,2008-04-21T02:00:00+02:00
273,{},easternmande,Eastern Mande,,,389,,d000000,2015-07-10T11:36:16.231148+02:00,True,2008-04-21T02:00:00+02:00
292,{},westernmande,Western Mande,,,389,,f009900,2015-07-10T11:36:16.231148+02:00,True,2008-04-21T02:00:00+02:00
282,{},rashad,Rashad,,,390,,ddd0000,2015-07-10T11:36:16.231148+02:00,True,2008-04-21T02:00:00+02:00
284,{},katlatima,Katla-Tima,,,390,,dff6600,2015-07-10T11:36:16.231148+02:00,True,2008-04-21T02:00:00+02:00
285,{},heiban,Heiban,,,390,,dff66ff,2015-07-10T11:36:16.231148+02:00,True,2008-04-21T02:00:00+02:00
280,{},tegem,Lafofa,,,390,,daa0000,2015-07-10T11:36:16.231148+02:00,True,2008-04-21T02:00:00+02:00
281,{},talodiproper,Talodi,,,390,,dcccccc,2015-07-10T11:36:16.231148+02:00,True,2008-04-21T02:00:00+02:00
296,{},dogon,Dogon,,,391,,f99ffff,2015-07-10T11:36:16.231148+02:00,True,2008-04-21T02:00:00+02:00
288,{},ijoid,Ijoid,,,392,,dffffcc,2015-07-10T11:36:16.231148+02:00,True,2008-04-21T02:00:00+02:00
