pk,created,updated,active,jsondata,id,name,description,markup_description,family_pk,subfamily,icon
1,2008-04-21T02:00:00+02:00,2008-04-21T02:00:00+02:00,True,,southerncushitic,Southern Cushitic,,,1,Cushitic,c000000
2,2008-04-21T02:00:00+02:00,2008-04-21T02:00:00+02:00,True,,eastchadic,East Chadic,,,1,Chadic,c0000dd
3,2008-04-21T02:00:00+02:00,2008-04-21T02:00:00+02:00,True,,beja,Beja,,,1,Cushitic,c009900
4,2008-04-21T02:00:00+02:00,2008-04-21T02:00:00+02:00,True,,berber,Berber,,,1,,c66ff33
5,2008-04-21T02:00:00+02:00,2008-04-21T02:00:00+02:00,True,,biumandara,Biu-Mandara,,,1,Chadic,c990099
6,2008-04-21T02:00:00+02:00,2008-04-21T02:00:00+02:00,True,,westchadic,West Chadic,,,1,Chadic,c9999ff
7,2008-04-21T02:00:00+02:00,2008-04-21T02:00:00+02:00,True,,centralcushitic,Central Cushitic,,,1,Cushitic,c99ffff
8,2008-04-21T02:00:00+02:00,2008-04-21T02:00:00+02:00,True,,egyptiancoptic,Egyptian-Coptic,,,1,,caa0000
9,2008-04-21T02:00:00+02:00,2008-04-21T02:00:00+02:00,True,,southomotic,South Omotic,,,1,Omotic,ccccccc
10,2008-04-21T02:00:00+02:00,2008-04-21T02:00:00+02:00,True,,semitic,Semitic,,,1,,cdd0000
11,2008-04-21T02:00:00+02:00,2008-04-21T02:00:00+02:00,True,,masa,Masa,,,1,Chadic,cff4400
12,2008-04-21T02:00:00+02:00,2008-04-21T02:00:00+02:00,True,,easterncushitic,Eastern Cushitic,,,1,Cushitic,cff6600
13,2008-04-21T02:00:00+02:00,2008-04-21T02:00:00+02:00,True,,northomotic,North Omotic,,,1,Omotic,cff66ff
14,2008-04-21T02:00:00+02:00,2008-04-21T02:00:00+02:00,True,,ainu,Ainu,,,2,,cffcc00
15,2008-04-21T02:00:00+02:00,2008-04-21T02:00:00+02:00,True,,alacalufan,Alacalufan,,,3,,cffff00
16,2008-04-21T02:00:00+02:00,2008-04-21T02:00:00+02:00,True,,yurok,Yurok,,,4,,cffffcc
17,2008-04-21T02:00:00+02:00,2008-04-21T02:00:00+02:00,True,,algonquian,Algonquian,,,4,,cffffff
18,2008-04-21T02:00:00+02:00,2008-04-21T02:00:00+02:00,True,,wiyot,Wiyot,,,4,,d000000
19,2008-04-21T02:00:00+02:00,2008-04-21T02:00:00+02:00,True,,turkic,Turkic,,,5,,d0000dd
20,2008-04-21T02:00:00+02:00,2008-04-21T02:00:00+02:00,True,,mongolic,Mongolic,,,5,,d009900
21,2008-04-21T02:00:00+02:00,2008-04-21T02:00:00+02:00,True,,tungusic,Tungusic,,,5,,d66ff33
22,2008-04-21T02:00:00+02:00,2008-04-21T02:00:00+02:00,True,,andoke,Andoke,,,7,,d990099
23,2008-04-21T02:00:00+02:00,2008-04-21T02:00:00+02:00,True,,anem,Anêm,,,8,,d9999ff
24,2008-04-21T02:00:00+02:00,2008-04-21T02:00:00+02:00,True,,arauan,Arauan,,,9,,d99ffff
25,2008-04-21T02:00:00+02:00,2008-04-21T02:00:00+02:00,True,,araucanian,Araucanian,,,10,,daa0000
27,2008-04-21T02:00:00+02:00,2008-04-21T02:00:00+02:00,True,,atakapa,Atakapa,,,12,,ddd0000
28,2008-04-21T02:00:00+02:00,2008-04-21T02:00:00+02:00,True,,westerndaly,Western Daly,,,13,Daly,dff4400
29,2008-04-21T02:00:00+02:00,2008-04-21T02:00:00+02:00,True,,wororan,Wororan,,,13,,dff6600
30,2008-04-21T02:00:00+02:00,2008-04-21T02:00:00+02:00,True,,bunuban,Bunuban,,,13,,dff66ff
31,2008-04-21T02:00:00+02:00,2008-04-21T02:00:00+02:00,True,,burarran,Burarran,,,13,,dffcc00
32,2008-04-21T02:00:00+02:00,2008-04-21T02:00:00+02:00,True,,ngandi,Ngandi,,,13,Gunwinyguan,dffff00
33,2008-04-21T02:00:00+02:00,2008-04-21T02:00:00+02:00,True,,yangmanic,Yangmanic,,,13,Gunwinyguan,dffffcc
34,2008-04-21T02:00:00+02:00,2008-04-21T02:00:00+02:00,True,,ngalakan,Ngalakan,,,13,Gunwinyguan,dffffff
35,2008-04-21T02:00:00+02:00,2008-04-21T02:00:00+02:00,True,,ndjebbana,Ndjébbana,,,13,,f000000
36,2008-04-21T02:00:00+02:00,2008-04-21T02:00:00+02:00,True,,nakkara,Nakkara,,,13,,f0000dd
37,2008-04-21T02:00:00+02:00,2008-04-21T02:00:00+02:00,True,,murrinhpatha,Murrinh-Patha,,,13,Daly,f009900
38,2008-04-21T02:00:00+02:00,2008-04-21T02:00:00+02:00,True,,iwaidjan,Iwaidjan,,,13,,f66ff33
39,2008-04-21T02:00:00+02:00,2008-04-21T02:00:00+02:00,True,,jaminjungan,Jaminjungan,,,13,,f990099
40,2008-04-21T02:00:00+02:00,2008-04-21T02:00:00+02:00,True,,rembarnga,Rembarnga,,,13,Gunwinyguan,f9999ff
41,2008-04-21T02:00:00+02:00,2008-04-21T02:00:00+02:00,True,,anindilyakwa,Anindilyakwa,,,13,Gunwinyguan,f99ffff
42,2008-04-21T02:00:00+02:00,2008-04-21T02:00:00+02:00,True,,pamanyungan,Pama-Nyungan,,,13,,faa0000
43,2008-04-21T02:00:00+02:00,2008-04-21T02:00:00+02:00,True,,ansonbay,Anson Bay,,,13,Daly,fcccccc
44,2008-04-21T02:00:00+02:00,2008-04-21T02:00:00+02:00,True,,gunwinygic,Gunwinygic,,,13,Gunwinyguan,fdd0000
45,2008-04-21T02:00:00+02:00,2008-04-21T02:00:00+02:00,True,,limilngan,Limilngan,,,13,,fff4400
46,2008-04-21T02:00:00+02:00,2008-04-21T02:00:00+02:00,True,,nyulnyulan,Nyulnyulan,,,13,,fff6600
47,2008-04-21T02:00:00+02:00,2008-04-21T02:00:00+02:00,True,,garrwan,Garrwan,,,13,,fff66ff
48,2008-04-21T02:00:00+02:00,2008-04-21T02:00:00+02:00,True,,nunggubuyu,Nunggubuyu,,,13,Gunwinyguan,fffcc00
49,2008-04-21T02:00:00+02:00,2008-04-21T02:00:00+02:00,True,,gaagudju,Gaagudju,,,13,,fffff00
50,2008-04-21T02:00:00+02:00,2008-04-21T02:00:00+02:00,True,,southerndaly,Southern Daly,,,13,Daly,fffffcc
51,2008-04-21T02:00:00+02:00,2008-04-21T02:00:00+02:00,True,,northerndaly,Northern Daly,,,13,Daly,fffffff
52,2008-04-21T02:00:00+02:00,2008-04-21T02:00:00+02:00,True,,tangkic,Tangkic,,,13,,s000000
53,2008-04-21T02:00:00+02:00,2008-04-21T02:00:00+02:00,True,,tiwian,Tiwian,,,13,,s0000dd
54,2008-04-21T02:00:00+02:00,2008-04-21T02:00:00+02:00,True,,easterndaly,Eastern Daly,,,13,Daly,s009900
55,2008-04-21T02:00:00+02:00,2008-04-21T02:00:00+02:00,True,,mangarrayi,Mangarrayi,,,13,,s66ff33
56,2008-04-21T02:00:00+02:00,2008-04-21T02:00:00+02:00,True,,djeragan,Djeragan,,,13,,s990099
57,2008-04-21T02:00:00+02:00,2008-04-21T02:00:00+02:00,True,,waray,Waray,,,13,Gunwinyguan,s9999ff
58,2008-04-21T02:00:00+02:00,2008-04-21T02:00:00+02:00,True,,westbarkly,West Barkly,,,13,,s99ffff
59,2008-04-21T02:00:00+02:00,2008-04-21T02:00:00+02:00,True,,laragiyan,Laragiyan,,,13,,saa0000
60,2008-04-21T02:00:00+02:00,2008-04-21T02:00:00+02:00,True,,maran,Maran,,,13,,scccccc
61,2008-04-21T02:00:00+02:00,2008-04-21T02:00:00+02:00,True,,wagiman,Wagiman,,,13,Gunwinyguan,sdd0000
62,2008-04-21T02:00:00+02:00,2008-04-21T02:00:00+02:00,True,,aslian,Aslian,,,14,Mon-Khmer,sff4400
63,2008-04-21T02:00:00+02:00,2008-04-21T02:00:00+02:00,True,,bahnaric,Bahnaric,,,14,Mon-Khmer,sff6600
64,2008-04-21T02:00:00+02:00,2008-04-21T02:00:00+02:00,True,,pearic,Pearic,,,14,Mon-Khmer,sff66ff
65,2008-04-21T02:00:00+02:00,2008-04-21T02:00:00+02:00,True,,monic,Monic,,,14,Mon-Khmer,sffcc00
66,2008-04-21T02:00:00+02:00,2008-04-21T02:00:00+02:00,True,,munda,Munda,,,14,,sffff00
67,2008-04-21T02:00:00+02:00,2008-04-21T02:00:00+02:00,True,,vietmuong,Viet-Muong,,,14,Mon-Khmer,sffffcc
68,2008-04-21T02:00:00+02:00,2008-04-21T02:00:00+02:00,True,,nicobarese,Nicobarese,,,14,Mon-Khmer,sffffff
69,2008-04-21T02:00:00+02:00,2008-04-21T02:00:00+02:00,True,,palaungkhmuic,Palaung-Khmuic,,,14,Mon-Khmer,t000000
70,2008-04-21T02:00:00+02:00,2008-04-21T02:00:00+02:00,True,,khmer,Khmer,,,14,Mon-Khmer,t0000dd
71,2008-04-21T02:00:00+02:00,2008-04-21T02:00:00+02:00,True,,khasian,Khasian,,,14,Mon-Khmer,t009900
72,2008-04-21T02:00:00+02:00,2008-04-21T02:00:00+02:00,True,,katuic,Katuic,,,14,Mon-Khmer,t66ff33
73,2008-04-21T02:00:00+02:00,2008-04-21T02:00:00+02:00,True,,barito,Barito,,,15,,t990099
74,2008-04-21T02:00:00+02:00,2008-04-21T02:00:00+02:00,True,,chamorro,Chamorro,,,15,,t9999ff
75,2008-04-21T02:00:00+02:00,2008-04-21T02:00:00+02:00,True,,centralmalayopolynesian,Central Malayo-Polynesian,,,15,,t99ffff
76,2008-04-21T02:00:00+02:00,2008-04-21T02:00:00+02:00,True,,samabajaw,Sama-Bajaw,,,15,,taa0000
79,2008-04-21T02:00:00+02:00,2008-04-21T02:00:00+02:00,True,,southhalmaherawestnewguinea,South Halmahera - West New Guinea,,,15,Eastern Malayo-Polynesian,tff4400
82,2008-04-21T02:00:00+02:00,2008-04-21T02:00:00+02:00,True,,yapese,Yapese,,,15,,tffcc00
84,2008-04-21T02:00:00+02:00,2008-04-21T02:00:00+02:00,True,,rejang,Rejang,,,15,,tffffcc
85,2008-04-21T02:00:00+02:00,2008-04-21T02:00:00+02:00,True,,palauan,Palauan,,,15,,tffffff
87,2008-04-21T02:00:00+02:00,2008-04-21T02:00:00+02:00,True,,oceanic,Oceanic,,,15,Eastern Malayo-Polynesian,c0000dd
88,2008-04-21T02:00:00+02:00,2008-04-21T02:00:00+02:00,True,,lampungic,Lampungic,,,15,,c009900
89,2008-04-21T02:00:00+02:00,2008-04-21T02:00:00+02:00,True,,atayalic,Atayalic,,,15,,c66ff33
90,2008-04-21T02:00:00+02:00,2008-04-21T02:00:00+02:00,True,,javanese,Javanese,,,15,,c990099
95,2008-04-21T02:00:00+02:00,2008-04-21T02:00:00+02:00,True,,landdayak,Land Dayak,,,15,,cdd0000
101,2008-04-21T02:00:00+02:00,2008-04-21T02:00:00+02:00,True,,awinpare,Awin-Pare,,,16,,cffffcc
102,2008-04-21T02:00:00+02:00,2008-04-21T02:00:00+02:00,True,,aymaran,Aymaran,,,17,,cffffff
103,2008-04-21T02:00:00+02:00,2008-04-21T02:00:00+02:00,True,,taulil,Taulil,,,18,,d000000
104,2008-04-21T02:00:00+02:00,2008-04-21T02:00:00+02:00,True,,baining,Baining,,,18,,d0000dd
105,2008-04-21T02:00:00+02:00,2008-04-21T02:00:00+02:00,True,,bangime,Bangime,,,207,,d009900
106,2008-04-21T02:00:00+02:00,2008-04-21T02:00:00+02:00,True,,barbacoan,Barbacoan,,,19,,d66ff33
107,2008-04-21T02:00:00+02:00,2008-04-21T02:00:00+02:00,True,,basque,Basque,,,20,,d990099
108,2008-04-21T02:00:00+02:00,2008-04-21T02:00:00+02:00,True,,beothuk,Beothuk,,,21,,d9999ff
109,2008-04-21T02:00:00+02:00,2008-04-21T02:00:00+02:00,True,,betoi,Betoi,,,22,,d99ffff
110,2008-04-21T02:00:00+02:00,2008-04-21T02:00:00+02:00,True,,border,Border,,,23,,daa0000
111,2008-04-21T02:00:00+02:00,2008-04-21T02:00:00+02:00,True,,bosavi,Bosavi,,,24,,dcccccc
112,2008-04-21T02:00:00+02:00,2008-04-21T02:00:00+02:00,True,,bulakariver,Bulaka River,,,25,,ddd0000
113,2008-04-21T02:00:00+02:00,2008-04-21T02:00:00+02:00,True,,burushaski,Burushaski,,,26,,dff4400
114,2008-04-21T02:00:00+02:00,2008-04-21T02:00:00+02:00,True,,cacuanukak,Cacua-Nukak,,,27,,dff6600
115,2008-04-21T02:00:00+02:00,2008-04-21T02:00:00+02:00,True,,caddoan,Caddoan,,,28,,dff66ff
116,2008-04-21T02:00:00+02:00,2008-04-21T02:00:00+02:00,True,,cahuapanan,Cahuapanan,,,29,,dffcc00
117,2008-04-21T02:00:00+02:00,2008-04-21T02:00:00+02:00,True,,camsa,Camsá,,,30,,dffff00
118,2008-04-21T02:00:00+02:00,2008-04-21T02:00:00+02:00,True,,candoshi,Candoshi,,,31,,dffffcc
119,2008-04-21T02:00:00+02:00,2008-04-21T02:00:00+02:00,True,,cariban,Cariban,,,32,,dffffff
120,2008-04-21T02:00:00+02:00,2008-04-21T02:00:00+02:00,True,,cayuvava,Cayuvava,,,33,,f000000
121,2008-04-21T02:00:00+02:00,2008-04-21T02:00:00+02:00,True,,chapacurawanham,Chapacura-Wanham,,,34,,f0000dd
122,2008-04-21T02:00:00+02:00,2008-04-21T02:00:00+02:00,True,,guaymi,Guaymi,,,35,,f009900
123,2008-04-21T02:00:00+02:00,2008-04-21T02:00:00+02:00,True,,talamanca,Talamanca,,,35,,f66ff33
124,2008-04-21T02:00:00+02:00,2008-04-21T02:00:00+02:00,True,,chibchanproper,Chibchan Proper,,,35,,f990099
125,2008-04-21T02:00:00+02:00,2008-04-21T02:00:00+02:00,True,,rama,Rama,,,35,,f9999ff
126,2008-04-21T02:00:00+02:00,2008-04-21T02:00:00+02:00,True,,paya,Paya,,,35,,f99ffff
127,2008-04-21T02:00:00+02:00,2008-04-21T02:00:00+02:00,True,,kuna,Kuna,,,35,,faa0000
128,2008-04-21T02:00:00+02:00,2008-04-21T02:00:00+02:00,True,,motilon,Motilon,,,35,,fcccccc
129,2008-04-21T02:00:00+02:00,2008-04-21T02:00:00+02:00,True,,chimila,Chimila,,,35,,fdd0000
130,2008-04-21T02:00:00+02:00,2008-04-21T02:00:00+02:00,True,,aruak,Aruak,,,35,,fff4400
131,2008-04-21T02:00:00+02:00,2008-04-21T02:00:00+02:00,True,,chimakuan,Chimakuan,,,36,,fff6600
132,2008-04-21T02:00:00+02:00,2008-04-21T02:00:00+02:00,True,,chimuan,Chimúan,,,37,,fff66ff
133,2008-04-21T02:00:00+02:00,2008-04-21T02:00:00+02:00,True,,chiquito,Chiquito,,,38,,fffcc00
134,2008-04-21T02:00:00+02:00,2008-04-21T02:00:00+02:00,True,,chitimacha,Chitimacha,,,39,,fffff00
135,2008-04-21T02:00:00+02:00,2008-04-21T02:00:00+02:00,True,,choco,Choco,,,40,,fffffcc
136,2008-04-21T02:00:00+02:00,2008-04-21T02:00:00+02:00,True,,cholon,Cholon,,,41,,fffffff
137,2008-04-21T02:00:00+02:00,2008-04-21T02:00:00+02:00,True,,chonproper,Chon Proper,,,42,,s000000
138,2008-04-21T02:00:00+02:00,2008-04-21T02:00:00+02:00,True,,puelche,Puelche,,,42,,s0000dd
139,2008-04-21T02:00:00+02:00,2008-04-21T02:00:00+02:00,True,,northernchukotkokamchatkan,Northern Chukotko-Kamchatkan,,,43,,s009900
140,2008-04-21T02:00:00+02:00,2008-04-21T02:00:00+02:00,True,,southernchukotkokamchatkan,Southern Chukotko-Kamchatkan,,,43,,s66ff33
141,2008-04-21T02:00:00+02:00,2008-04-21T02:00:00+02:00,True,,chumash,Chumash,,,44,,s990099
142,2008-04-21T02:00:00+02:00,2008-04-21T02:00:00+02:00,True,,coahuiltecan,Coahuiltecan,,,45,,s9999ff
143,2008-04-21T02:00:00+02:00,2008-04-21T02:00:00+02:00,True,,cofan,Cofán,,,46,,s99ffff
144,2008-04-21T02:00:00+02:00,2008-04-21T02:00:00+02:00,True,,comecrudan,Comecrudan,,,47,,saa0000
145,2008-04-21T02:00:00+02:00,2008-04-21T02:00:00+02:00,True,,cuitlatec,Cuitlatec,,,48,,scccccc
146,2008-04-21T02:00:00+02:00,2008-04-21T02:00:00+02:00,True,,dagan,Dagan,,,49,,sdd0000
147,2008-04-21T02:00:00+02:00,2008-04-21T02:00:00+02:00,True,,southcentraldravidian,South-Central Dravidian,,,50,,sff4400
148,2008-04-21T02:00:00+02:00,2008-04-21T02:00:00+02:00,True,,centraldravidian,Central Dravidian,,,50,,sff6600
149,2008-04-21T02:00:00+02:00,2008-04-21T02:00:00+02:00,True,,southerndravidian,Southern Dravidian,,,50,,sff66ff
150,2008-04-21T02:00:00+02:00,2008-04-21T02:00:00+02:00,True,,northerndravidian,Northern Dravidian,,,50,,sffcc00
151,2008-04-21T02:00:00+02:00,2008-04-21T02:00:00+02:00,True,,eastbirdshead,East Bird's Head,,,51,,sffff00
152,2008-04-21T02:00:00+02:00,2008-04-21T02:00:00+02:00,True,,eastbougainville,East Bougainville,,,52,,sffffcc
153,2008-04-21T02:00:00+02:00,2008-04-21T02:00:00+02:00,True,,eastgeelvinkbay,East Geelvink Bay,,,53,,sffffff
154,2008-04-21T02:00:00+02:00,2008-04-21T02:00:00+02:00,True,,eaststrickland,East Strickland,,,54,,t000000
155,2008-04-21T02:00:00+02:00,2008-04-21T02:00:00+02:00,True,,tate,Tate,,,55,,t0000dd
156,2008-04-21T02:00:00+02:00,2008-04-21T02:00:00+02:00,True,,elemanproper,Eleman Proper,,,55,,t009900
157,2008-04-21T02:00:00+02:00,2008-04-21T02:00:00+02:00,True,,aleut,Aleut,,,56,,t66ff33
158,2008-04-21T02:00:00+02:00,2008-04-21T02:00:00+02:00,True,,eskimo,Eskimo,,,56,,t990099
159,2008-04-21T02:00:00+02:00,2008-04-21T02:00:00+02:00,True,,esselen,Esselen,,,57,,t9999ff
160,2008-04-21T02:00:00+02:00,2008-04-21T02:00:00+02:00,True,,gapun,Gapun,,,58,,t99ffff
161,2008-04-21T02:00:00+02:00,2008-04-21T02:00:00+02:00,True,,suki,Suki,,,59,,taa0000
162,2008-04-21T02:00:00+02:00,2008-04-21T02:00:00+02:00,True,,gogodala,Gogodala,,,59,,tcccccc
163,2008-04-21T02:00:00+02:00,2008-04-21T02:00:00+02:00,True,,greatandamanese,Great Andamanese,,,6,,tdd0000
86,2008-04-21T02:00:00+02:00,2014-07-03T09:49:40.736806+02:00,True,,paiwanic,Paiwan,,,15,,c000000
96,2008-04-21T02:00:00+02:00,2014-07-03T09:49:40.738146+02:00,True,,tsouic,Tsou,,,15,,cff4400
164,2008-04-21T02:00:00+02:00,2008-04-21T02:00:00+02:00,True,,guahiban,Guahiban,,,60,,tff4400
165,2008-04-21T02:00:00+02:00,2008-04-21T02:00:00+02:00,True,,guaicuruan,Guaicuruan,,,61,,tff6600
166,2008-04-21T02:00:00+02:00,2008-04-21T02:00:00+02:00,True,,hadza,Hadza,,,62,,tff66ff
167,2008-04-21T02:00:00+02:00,2008-04-21T02:00:00+02:00,True,,haida,Haida,,,63,,tffcc00
168,2008-04-21T02:00:00+02:00,2008-04-21T02:00:00+02:00,True,,harakmbet,Harakmbet,,,64,,tffff00
169,2008-04-21T02:00:00+02:00,2008-04-21T02:00:00+02:00,True,,hmongmien,Hmong-Mien,,,65,,tffffcc
170,2008-04-21T02:00:00+02:00,2008-04-21T02:00:00+02:00,True,,yuman,Yuman,,,66,,tffffff
171,2008-04-21T02:00:00+02:00,2008-04-21T02:00:00+02:00,True,,seri,Seri,,,66,,c000000
172,2008-04-21T02:00:00+02:00,2008-04-21T02:00:00+02:00,True,,chimariko,Chimariko,,,66,,c0000dd
173,2008-04-21T02:00:00+02:00,2008-04-21T02:00:00+02:00,True,,palaihnihan,Palaihnihan,,,66,,c009900
174,2008-04-21T02:00:00+02:00,2008-04-21T02:00:00+02:00,True,,shasta,Shasta,,,66,,c66ff33
175,2008-04-21T02:00:00+02:00,2008-04-21T02:00:00+02:00,True,,yana,Yana,,,66,,c990099
176,2008-04-21T02:00:00+02:00,2008-04-21T02:00:00+02:00,True,,pomoan,Pomoan,,,66,,c9999ff
177,2008-04-21T02:00:00+02:00,2008-04-21T02:00:00+02:00,True,,huarpe,Huarpe,,,67,,c99ffff
178,2008-04-21T02:00:00+02:00,2008-04-21T02:00:00+02:00,True,,huavean,Huavean,,,68,,caa0000
179,2008-04-21T02:00:00+02:00,2008-04-21T02:00:00+02:00,True,,boran,Boran,,,69,,ccccccc
180,2008-04-21T02:00:00+02:00,2008-04-21T02:00:00+02:00,True,,huitoto,Huitoto,,,69,,cdd0000
181,2008-04-21T02:00:00+02:00,2008-04-21T02:00:00+02:00,True,,germanic,Germanic,,,70,,cff4400
182,2008-04-21T02:00:00+02:00,2008-04-21T02:00:00+02:00,True,,indic,Indic,,,70,,cff6600
183,2008-04-21T02:00:00+02:00,2008-04-21T02:00:00+02:00,True,,iranian,Iranian,,,70,,cff66ff
184,2008-04-21T02:00:00+02:00,2008-04-21T02:00:00+02:00,True,,romance,Romance,,,70,,cffcc00
185,2008-04-21T02:00:00+02:00,2008-04-21T02:00:00+02:00,True,,slavic,Slavic,,,70,,cffff00
186,2008-04-21T02:00:00+02:00,2008-04-21T02:00:00+02:00,True,,greek,Greek,,,70,,cffffcc
187,2008-04-21T02:00:00+02:00,2008-04-21T02:00:00+02:00,True,,celtic,Celtic,,,70,,cffffff
188,2008-04-21T02:00:00+02:00,2008-04-21T02:00:00+02:00,True,,baltic,Baltic,,,70,,d000000
189,2008-04-21T02:00:00+02:00,2008-04-21T02:00:00+02:00,True,,armenian,Armenian,,,70,,d0000dd
190,2008-04-21T02:00:00+02:00,2008-04-21T02:00:00+02:00,True,,albanian,Albanian,,,70,,d009900
191,2008-04-21T02:00:00+02:00,2008-04-21T02:00:00+02:00,True,,southerniroquoian,Southern Iroquoian,,,71,,d66ff33
192,2008-04-21T02:00:00+02:00,2008-04-21T02:00:00+02:00,True,,northerniroquoian,Northern Iroquoian,,,71,,d990099
193,2008-04-21T02:00:00+02:00,2008-04-21T02:00:00+02:00,True,,itonama,Itonama,,,72,,d9999ff
194,2008-04-21T02:00:00+02:00,2008-04-21T02:00:00+02:00,True,,jabuti,Jabutí,,,73,,d99ffff
195,2008-04-21T02:00:00+02:00,2008-04-21T02:00:00+02:00,True,,japanese,Japanese,,,74,,daa0000
196,2008-04-21T02:00:00+02:00,2008-04-21T02:00:00+02:00,True,,jirajaran,Jirajaran,,,75,,dcccccc
197,2008-04-21T02:00:00+02:00,2008-04-21T02:00:00+02:00,True,,jivaroan,Jivaroan,,,76,,ddd0000
198,2008-04-21T02:00:00+02:00,2008-04-21T02:00:00+02:00,True,,kadugli,Kadugli,,,77,,dff4400
199,2008-04-21T02:00:00+02:00,2008-04-21T02:00:00+02:00,True,,kalapuyan,Kalapuyan,,,78,,dff6600
200,2008-04-21T02:00:00+02:00,2008-04-21T02:00:00+02:00,True,,kapixana,Kapixana,,,212,,dff66ff
201,2008-04-21T02:00:00+02:00,2008-04-21T02:00:00+02:00,True,,karankawa,Karankawa,,,79,,dffcc00
202,2008-04-21T02:00:00+02:00,2008-04-21T02:00:00+02:00,True,,kariri,Kariri,,,206,,dffff00
203,2008-04-21T02:00:00+02:00,2008-04-21T02:00:00+02:00,True,,karkaryuri,Karkar-Yuri,,,80,,dffffcc
204,2008-04-21T02:00:00+02:00,2008-04-21T02:00:00+02:00,True,,karok,Karok,,,81,,dffffff
205,2008-04-21T02:00:00+02:00,2008-04-21T02:00:00+02:00,True,,kartvelian,Kartvelian,,,82,,f000000
206,2008-04-21T02:00:00+02:00,2008-04-21T02:00:00+02:00,True,,katukinan,Katukinan,,,83,,f0000dd
207,2008-04-21T02:00:00+02:00,2008-04-21T02:00:00+02:00,True,,kaure,Kaure,,,84,,f009900
208,2008-04-21T02:00:00+02:00,2008-04-21T02:00:00+02:00,True,,kayagar,Kayagar,,,85,,f66ff33
209,2008-04-21T02:00:00+02:00,2008-04-21T02:00:00+02:00,True,,keresan,Keresan,,,86,,f990099
210,2008-04-21T02:00:00+02:00,2008-04-21T02:00:00+02:00,True,,centralkhoisan,Central Khoisan,,,87,,f9999ff
211,2008-04-21T02:00:00+02:00,2008-04-21T02:00:00+02:00,True,,southernkhoisan,Southern Khoisan,,,87,,f99ffff
212,2008-04-21T02:00:00+02:00,2008-04-21T02:00:00+02:00,True,,northernkhoisan,Northern Khoisan,,,87,,faa0000
213,2008-04-21T02:00:00+02:00,2008-04-21T02:00:00+02:00,True,,hoan,=|Hoan,,,87,,fcccccc
214,2008-04-21T02:00:00+02:00,2008-04-21T02:00:00+02:00,True,,sandawe,Sandawe,,,87,,fdd0000
215,2008-04-21T02:00:00+02:00,2008-04-21T02:00:00+02:00,True,,kiowatanoan,Kiowa-Tanoan,,,88,,fff4400
216,2008-04-21T02:00:00+02:00,2008-04-21T02:00:00+02:00,True,,kiwaian,Kiwaian,,,89,,fff6600
217,2008-04-21T02:00:00+02:00,2008-04-21T02:00:00+02:00,True,,kolopom,Kolopom,,,90,,fff66ff
218,2008-04-21T02:00:00+02:00,2008-04-21T02:00:00+02:00,True,,korean,Korean,,,91,,fffcc00
219,2008-04-21T02:00:00+02:00,2008-04-21T02:00:00+02:00,True,,kunza,Kunza,,,92,,fffff00
220,2008-04-21T02:00:00+02:00,2008-04-21T02:00:00+02:00,True,,kuot,Kuot,,,93,,fffffcc
221,2008-04-21T02:00:00+02:00,2008-04-21T02:00:00+02:00,True,,kusunda,Kusunda,,,94,,fffffff
222,2008-04-21T02:00:00+02:00,2008-04-21T02:00:00+02:00,True,,kutenai,Kutenai,,,95,,s000000
223,2008-04-21T02:00:00+02:00,2008-04-21T02:00:00+02:00,True,,kwaza,Kwaza,,,96,,s0000dd
224,2008-04-21T02:00:00+02:00,2008-04-21T02:00:00+02:00,True,,kwerba,Kwerba,,,97,,s009900
225,2008-04-21T02:00:00+02:00,2008-04-21T02:00:00+02:00,True,,kwomtari,Kwomtari,,,209,,s66ff33
226,2008-04-21T02:00:00+02:00,2008-04-21T02:00:00+02:00,True,,fas,Fas,,,209,,s990099
227,2008-04-21T02:00:00+02:00,2008-04-21T02:00:00+02:00,True,,laal,Laal,,,98,,s9999ff
228,2008-04-21T02:00:00+02:00,2008-04-21T02:00:00+02:00,True,,lakesplain,Lakes Plain,,,99,,s99ffff
229,2008-04-21T02:00:00+02:00,2008-04-21T02:00:00+02:00,True,,leftmay,Left May,,,210,,saa0000
230,2008-04-21T02:00:00+02:00,2008-04-21T02:00:00+02:00,True,,leko,Leko,,,211,,scccccc
231,2008-04-21T02:00:00+02:00,2008-04-21T02:00:00+02:00,True,,lowersepik,Lower Sepik,,,100,,sdd0000
232,2008-04-21T02:00:00+02:00,2008-04-21T02:00:00+02:00,True,,botin,Botin,,,100,,sff4400
233,2008-04-21T02:00:00+02:00,2008-04-21T02:00:00+02:00,True,,annaberg,Annaberg,,,100,,sff6600
234,2008-04-21T02:00:00+02:00,2008-04-21T02:00:00+02:00,True,,mikarew,Mikarew,,,100,,sff66ff
235,2008-04-21T02:00:00+02:00,2008-04-21T02:00:00+02:00,True,,lowerramu,Lower Ramu,,,100,,sffcc00
236,2008-04-21T02:00:00+02:00,2008-04-21T02:00:00+02:00,True,,lule,Lule,,,101,,sffff00
237,2008-04-21T02:00:00+02:00,2008-04-21T02:00:00+02:00,True,,yate,Yatê,,,102,,sffffcc
238,2008-04-21T02:00:00+02:00,2008-04-21T02:00:00+02:00,True,,gekaingang,Ge-Kaingang,,,102,,sffffff
239,2008-04-21T02:00:00+02:00,2008-04-21T02:00:00+02:00,True,,maxakali,Maxakalí,,,102,,t000000
240,2008-04-21T02:00:00+02:00,2008-04-21T02:00:00+02:00,True,,botocudo,Botocudo,,,102,,t0000dd
241,2008-04-21T02:00:00+02:00,2008-04-21T02:00:00+02:00,True,,guato,Guató,,,102,,t009900
242,2008-04-21T02:00:00+02:00,2008-04-21T02:00:00+02:00,True,,bororo,Bororo,,,102,,t66ff33
243,2008-04-21T02:00:00+02:00,2008-04-21T02:00:00+02:00,True,,karaja,Karajá,,,102,,t990099
244,2008-04-21T02:00:00+02:00,2008-04-21T02:00:00+02:00,True,,rikbaktsa,Rikbaktsa,,,102,,t9999ff
245,2008-04-21T02:00:00+02:00,2008-04-21T02:00:00+02:00,True,,maku,Máku,,,103,,t99ffff
246,2008-04-21T02:00:00+02:00,2008-04-21T02:00:00+02:00,True,,marindproper,Marind Proper,,,104,,taa0000
247,2008-04-21T02:00:00+02:00,2008-04-21T02:00:00+02:00,True,,southbirdshead,South Bird's Head,,,104,,tcccccc
248,2008-04-21T02:00:00+02:00,2008-04-21T02:00:00+02:00,True,,mascoian,Mascoian,,,105,,tdd0000
249,2008-04-21T02:00:00+02:00,2008-04-21T02:00:00+02:00,True,,matacoan,Matacoan,,,106,,tff4400
250,2008-04-21T02:00:00+02:00,2008-04-21T02:00:00+02:00,True,,mayan,Mayan,,,107,,tff6600
251,2008-04-21T02:00:00+02:00,2008-04-21T02:00:00+02:00,True,,misumalpan,Misumalpan,,,108,,tff66ff
252,2008-04-21T02:00:00+02:00,2008-04-21T02:00:00+02:00,True,,mixezoque,Mixe-Zoque,,,109,,tffcc00
253,2008-04-21T02:00:00+02:00,2008-04-21T02:00:00+02:00,True,,mombum,Mombum,,,110,,tffff00
254,2008-04-21T02:00:00+02:00,2008-04-21T02:00:00+02:00,True,,monumbo,Monumbo,,,111,,tffffcc
255,2008-04-21T02:00:00+02:00,2008-04-21T02:00:00+02:00,True,,moreheadanduppermarorivers,Morehead and Upper Maro Rivers,,,112,,tffffff
256,2008-04-21T02:00:00+02:00,2008-04-21T02:00:00+02:00,True,,morwap,Morwap,,,113,,c000000
257,2008-04-21T02:00:00+02:00,2008-04-21T02:00:00+02:00,True,,mosetenan,Mosetenan,,,114,,c0000dd
258,2008-04-21T02:00:00+02:00,2008-04-21T02:00:00+02:00,True,,movima,Movima,,,115,,c009900
259,2008-04-21T02:00:00+02:00,2008-04-21T02:00:00+02:00,True,,mura,Mura,,,116,,c66ff33
260,2008-04-21T02:00:00+02:00,2008-04-21T02:00:00+02:00,True,,muskogean,Muskogean,,,117,,c990099
261,2008-04-21T02:00:00+02:00,2008-04-21T02:00:00+02:00,True,,nadahup,Nadahup,,,177,,c9999ff
262,2008-04-21T02:00:00+02:00,2008-04-21T02:00:00+02:00,True,,athapaskan,Athapaskan,,,118,,c99ffff
263,2008-04-21T02:00:00+02:00,2008-04-21T02:00:00+02:00,True,,tlingit,Tlingit,,,118,,caa0000
264,2008-04-21T02:00:00+02:00,2008-04-21T02:00:00+02:00,True,,eyak,Eyak,,,118,,ccccccc
265,2008-04-21T02:00:00+02:00,2008-04-21T02:00:00+02:00,True,,nahali,Nahali,,,119,,cdd0000
266,2008-04-21T02:00:00+02:00,2008-04-21T02:00:00+02:00,True,,lakdargwa,Lak-Dargwa,,,120,Daghestanian,cff4400
267,2008-04-21T02:00:00+02:00,2008-04-21T02:00:00+02:00,True,,lezgic,Lezgic,,,120,Daghestanian,cff6600
268,2008-04-21T02:00:00+02:00,2008-04-21T02:00:00+02:00,True,,nakh,Nakh,,,120,,cff66ff
269,2008-04-21T02:00:00+02:00,2008-04-21T02:00:00+02:00,True,,avarandictsezic,Avar-Andic-Tsezic,,,120,Daghestanian,cffcc00
270,2008-04-21T02:00:00+02:00,2008-04-21T02:00:00+02:00,True,,nambikuaran,Nambikuaran,,,121,,cffff00
271,2008-04-21T02:00:00+02:00,2008-04-21T02:00:00+02:00,True,,natchez,Natchez,,,122,,cffffcc
272,2008-04-21T02:00:00+02:00,2008-04-21T02:00:00+02:00,True,,igboid,Igboid,,,123,Benue-Congo,cffffff
273,2008-04-21T02:00:00+02:00,2008-04-21T02:00:00+02:00,True,,easternmande,Eastern Mande,,,123,Mande,d000000
274,2008-04-21T02:00:00+02:00,2008-04-21T02:00:00+02:00,True,,bantoid,Bantoid,,,123,Benue-Congo,d0000dd
275,2008-04-21T02:00:00+02:00,2008-04-21T02:00:00+02:00,True,,kwa,Kwa,,,123,,d009900
276,2008-04-21T02:00:00+02:00,2008-04-21T02:00:00+02:00,True,,northernatlantic,Northern Atlantic,,,123,Atlantic,d66ff33
277,2008-04-21T02:00:00+02:00,2008-04-21T02:00:00+02:00,True,,kru,Kru,,,123,,d990099
278,2008-04-21T02:00:00+02:00,2008-04-21T02:00:00+02:00,True,,nupoid,Nupoid,,,123,Benue-Congo,d9999ff
279,2008-04-21T02:00:00+02:00,2008-04-21T02:00:00+02:00,True,,adamawa,Adamawa,,,123,Adamawa-Ubangi,d99ffff
280,2008-04-21T02:00:00+02:00,2008-04-21T02:00:00+02:00,True,,tegem,Tegem,,,123,Kordofanian,daa0000
281,2008-04-21T02:00:00+02:00,2008-04-21T02:00:00+02:00,True,,talodiproper,Talodi Proper,,,123,Kordofanian,dcccccc
282,2008-04-21T02:00:00+02:00,2008-04-21T02:00:00+02:00,True,,rashad,Rashad,,,123,Kordofanian,ddd0000
283,2008-04-21T02:00:00+02:00,2008-04-21T02:00:00+02:00,True,,platoid,Platoid,,,123,Benue-Congo,dff4400
284,2008-04-21T02:00:00+02:00,2008-04-21T02:00:00+02:00,True,,katlatima,Katla-Tima,,,123,Kordofanian,dff6600
285,2008-04-21T02:00:00+02:00,2008-04-21T02:00:00+02:00,True,,heiban,Heiban,,,123,Kordofanian,dff66ff
286,2008-04-21T02:00:00+02:00,2008-04-21T02:00:00+02:00,True,,kainji,Kainji,,,123,Benue-Congo,dffcc00
287,2008-04-21T02:00:00+02:00,2008-04-21T02:00:00+02:00,True,,ubangi,Ubangi,,,123,Adamawa-Ubangi,dffff00
288,2008-04-21T02:00:00+02:00,2008-04-21T02:00:00+02:00,True,,ijoid,Ijoid,,,123,,dffffcc
289,2008-04-21T02:00:00+02:00,2008-04-21T02:00:00+02:00,True,,idomoid,Idomoid,,,123,Benue-Congo,dffffff
290,2008-04-21T02:00:00+02:00,2008-04-21T02:00:00+02:00,True,,gur,Gur,,,123,,f000000
292,2008-04-21T02:00:00+02:00,2008-04-21T02:00:00+02:00,True,,westernmande,Western Mande,,,123,Mande,f009900
293,2008-04-21T02:00:00+02:00,2008-04-21T02:00:00+02:00,True,,crossriver,Cross River,,,123,Benue-Congo,f66ff33
294,2008-04-21T02:00:00+02:00,2008-04-21T02:00:00+02:00,True,,defoid,Defoid,,,123,Benue-Congo,f990099
295,2008-04-21T02:00:00+02:00,2008-04-21T02:00:00+02:00,True,,edoid,Edoid,,,123,Benue-Congo,f9999ff
296,2008-04-21T02:00:00+02:00,2008-04-21T02:00:00+02:00,True,,dogon,Dogon,,,123,,f99ffff
297,2008-04-21T02:00:00+02:00,2008-04-21T02:00:00+02:00,True,,temein,Temein,,,124,Eastern Sudanic,faa0000
298,2008-04-21T02:00:00+02:00,2008-04-21T02:00:00+02:00,True,,easternjebel,Eastern Jebel,,,124,Eastern Sudanic,fcccccc
299,2008-04-21T02:00:00+02:00,2008-04-21T02:00:00+02:00,True,,lendu,Lendu,,,124,Central Sudanic,fdd0000
300,2008-04-21T02:00:00+02:00,2008-04-21T02:00:00+02:00,True,,koman,Koman,,,124,,fff4400
301,2008-04-21T02:00:00+02:00,2008-04-21T02:00:00+02:00,True,,kresh,Kresh,,,124,Central Sudanic,fff6600
302,2008-04-21T02:00:00+02:00,2008-04-21T02:00:00+02:00,True,,nyimang,Nyimang,,,124,Eastern Sudanic,fff66ff
303,2008-04-21T02:00:00+02:00,2008-04-21T02:00:00+02:00,True,,mangbutuefe,Mangbutu-Efe,,,124,Central Sudanic,fffcc00
304,2008-04-21T02:00:00+02:00,2008-04-21T02:00:00+02:00,True,,morumadi,Moru-Ma'di,,,124,Central Sudanic,fffff00
305,2008-04-21T02:00:00+02:00,2008-04-21T02:00:00+02:00,True,,bongobagirmi,Bongo-Bagirmi,,,124,Central Sudanic,fffffcc
306,2008-04-21T02:00:00+02:00,2008-04-21T02:00:00+02:00,True,,fur,Fur,,,124,,fffffff
307,2008-04-21T02:00:00+02:00,2008-04-21T02:00:00+02:00,True,,nubian,Nubian,,,124,Eastern Sudanic,s000000
308,2008-04-21T02:00:00+02:00,2008-04-21T02:00:00+02:00,True,,songhay,Songhay,,,124,,s0000dd
309,2008-04-21T02:00:00+02:00,2008-04-21T02:00:00+02:00,True,,westernsaharan,Western Saharan,,,124,Saharan,s009900
310,2008-04-21T02:00:00+02:00,2008-04-21T02:00:00+02:00,True,,shabo,Shabo,,,124,,s66ff33
311,2008-04-21T02:00:00+02:00,2008-04-21T02:00:00+02:00,True,,taman,Taman,,,124,Eastern Sudanic,s990099
312,2008-04-21T02:00:00+02:00,2008-04-21T02:00:00+02:00,True,,easternsaharan,Eastern Saharan,,,124,Saharan,s9999ff
313,2008-04-21T02:00:00+02:00,2008-04-21T02:00:00+02:00,True,,maban,Maban,,,124,,s99ffff
314,2008-04-21T02:00:00+02:00,2008-04-21T02:00:00+02:00,True,,nara,Nara,,,124,Eastern Sudanic,saa0000
315,2008-04-21T02:00:00+02:00,2008-04-21T02:00:00+02:00,True,,mangbetu,Mangbetu,,,124,Central Sudanic,scccccc
316,2008-04-21T02:00:00+02:00,2008-04-21T02:00:00+02:00,True,,kuliak,Kuliak,,,124,Eastern Sudanic,sdd0000
317,2008-04-21T02:00:00+02:00,2008-04-21T02:00:00+02:00,True,,kunama,Kunama,,,124,,sff4400
318,2008-04-21T02:00:00+02:00,2008-04-21T02:00:00+02:00,True,,daju,Daju,,,124,Eastern Sudanic,sff6600
319,2008-04-21T02:00:00+02:00,2008-04-21T02:00:00+02:00,True,,berta,Berta,,,124,,sff66ff
320,2008-04-21T02:00:00+02:00,2008-04-21T02:00:00+02:00,True,,nilotic,Nilotic,,,124,Eastern Sudanic,sffcc00
321,2008-04-21T02:00:00+02:00,2008-04-21T02:00:00+02:00,True,,gumuz,Gumuz,,,124,,sffff00
322,2008-04-21T02:00:00+02:00,2008-04-21T02:00:00+02:00,True,,surmic,Surmic,,,124,Eastern Sudanic,sffffcc
323,2008-04-21T02:00:00+02:00,2008-04-21T02:00:00+02:00,True,,nimboran,Nimboran,,,125,,sffffff
324,2008-04-21T02:00:00+02:00,2008-04-21T02:00:00+02:00,True,,nivkh,Nivkh,,,126,,t000000
325,2008-04-21T02:00:00+02:00,2008-04-21T02:00:00+02:00,True,,northwestcaucasian,Northwest Caucasian,,,127,,t0000dd
326,2008-04-21T02:00:00+02:00,2008-04-21T02:00:00+02:00,True,,oksapmin,Oksapmin,,,128,,t009900
327,2008-04-21T02:00:00+02:00,2008-04-21T02:00:00+02:00,True,,coosan,Coosan,,,129,,t66ff33
328,2008-04-21T02:00:00+02:00,2008-04-21T02:00:00+02:00,True,,alsea,Alsea,,,129,,t990099
329,2008-04-21T02:00:00+02:00,2008-04-21T02:00:00+02:00,True,,siuslawan,Siuslawan,,,129,,t9999ff
330,2008-04-21T02:00:00+02:00,2008-04-21T02:00:00+02:00,True,,signlanguages,Sign Languages,,,130,,t99ffff
331,2008-04-21T02:00:00+02:00,2008-04-21T02:00:00+02:00,True,,creolesandpidgins,Creoles and Pidgins,,,130,,taa0000
332,2008-04-21T02:00:00+02:00,2008-04-21T02:00:00+02:00,True,,zapotecan,Zapotecan,,,131,,tcccccc
333,2008-04-21T02:00:00+02:00,2008-04-21T02:00:00+02:00,True,,subtiabatlapanec,Subtiaba-Tlapanec,,,131,,tdd0000
334,2008-04-21T02:00:00+02:00,2008-04-21T02:00:00+02:00,True,,mixtecan,Mixtecan,,,131,,tff4400
335,2008-04-21T02:00:00+02:00,2008-04-21T02:00:00+02:00,True,,chinantecan,Chinantecan,,,131,,tff6600
336,2008-04-21T02:00:00+02:00,2008-04-21T02:00:00+02:00,True,,otomian,Otomian,,,131,,tff66ff
337,2008-04-21T02:00:00+02:00,2008-04-21T02:00:00+02:00,True,,amuzgoan,Amuzgoan,,,131,,tffcc00
338,2008-04-21T02:00:00+02:00,2008-04-21T02:00:00+02:00,True,,pamean,Pamean,,,131,,tffff00
339,2008-04-21T02:00:00+02:00,2008-04-21T02:00:00+02:00,True,,popolocan,Popolocan,,,131,,tffffcc
340,2008-04-21T02:00:00+02:00,2008-04-21T02:00:00+02:00,True,,chichimec,Chichimec,,,131,,tffffff
341,2008-04-21T02:00:00+02:00,2008-04-21T02:00:00+02:00,True,,paezan,Páezan,,,132,,c000000
342,2008-04-21T02:00:00+02:00,2008-04-21T02:00:00+02:00,True,,panoan,Panoan,,,133,,c0000dd
343,2008-04-21T02:00:00+02:00,2008-04-21T02:00:00+02:00,True,,pebayaguan,Peba-Yaguan,,,134,,c009900
344,2008-04-21T02:00:00+02:00,2008-04-21T02:00:00+02:00,True,,yokuts,Yokuts,,,135,,c66ff33
345,2008-04-21T02:00:00+02:00,2008-04-21T02:00:00+02:00,True,,maiduan,Maiduan,,,135,,c990099
346,2008-04-21T02:00:00+02:00,2008-04-21T02:00:00+02:00,True,,chinookan,Chinookan,,,135,,c9999ff
347,2008-04-21T02:00:00+02:00,2008-04-21T02:00:00+02:00,True,,costanoan,Costanoan,,,135,Utian,c99ffff
348,2008-04-21T02:00:00+02:00,2008-04-21T02:00:00+02:00,True,,sahaptian,Sahaptian,,,135,,caa0000
349,2008-04-21T02:00:00+02:00,2008-04-21T02:00:00+02:00,True,,wintuan,Wintuan,,,135,,ccccccc
350,2008-04-21T02:00:00+02:00,2008-04-21T02:00:00+02:00,True,,miwok,Miwok,,,135,Utian,cdd0000
351,2008-04-21T02:00:00+02:00,2008-04-21T02:00:00+02:00,True,,molala,Molala,,,135,,cff4400
352,2008-04-21T02:00:00+02:00,2008-04-21T02:00:00+02:00,True,,tsimshianic,Tsimshianic,,,135,,cff6600
353,2008-04-21T02:00:00+02:00,2008-04-21T02:00:00+02:00,True,,klamathmodoc,Klamath-Modoc,,,135,,cff66ff
354,2008-04-21T02:00:00+02:00,2008-04-21T02:00:00+02:00,True,,puinave,Puinave,,,136,,cffcc00
355,2008-04-21T02:00:00+02:00,2008-04-21T02:00:00+02:00,True,,puquina,Puquina,,,137,,cffff00
356,2008-04-21T02:00:00+02:00,2008-04-21T02:00:00+02:00,True,,quechuan,Quechuan,,,138,,cffffcc
357,2008-04-21T02:00:00+02:00,2008-04-21T02:00:00+02:00,True,,saliba,Sáliba,,,139,,cffffff
358,2008-04-21T02:00:00+02:00,2008-04-21T02:00:00+02:00,True,,piaroa,Piaroa,,,139,,d000000
359,2008-04-21T02:00:00+02:00,2008-04-21T02:00:00+02:00,True,,salinan,Salinan,,,140,,d0000dd
360,2008-04-21T02:00:00+02:00,2008-04-21T02:00:00+02:00,True,,centralsalish,Central Salish,,,141,,d009900
361,2008-04-21T02:00:00+02:00,2008-04-21T02:00:00+02:00,True,,tillamook,Tillamook,,,141,,d66ff33
362,2008-04-21T02:00:00+02:00,2008-04-21T02:00:00+02:00,True,,interiorsalish,Interior Salish,,,141,,d990099
363,2008-04-21T02:00:00+02:00,2008-04-21T02:00:00+02:00,True,,bellacoola,Bella Coola,,,141,,d9999ff
364,2008-04-21T02:00:00+02:00,2008-04-21T02:00:00+02:00,True,,tsamosan,Tsamosan,,,141,,d99ffff
365,2008-04-21T02:00:00+02:00,2008-04-21T02:00:00+02:00,True,,senagi,Senagi,,,142,,daa0000
366,2008-04-21T02:00:00+02:00,2008-04-21T02:00:00+02:00,True,,sentani,Sentani,,,143,,dcccccc
367,2008-04-21T02:00:00+02:00,2008-04-21T02:00:00+02:00,True,,uppersepik,Upper Sepik,,,144,,ddd0000
368,2008-04-21T02:00:00+02:00,2008-04-21T02:00:00+02:00,True,,middlesepik,Middle Sepik,,,144,,dff4400
369,2008-04-21T02:00:00+02:00,2008-04-21T02:00:00+02:00,True,,ram,Ram,,,144,,dff6600
370,2008-04-21T02:00:00+02:00,2008-04-21T02:00:00+02:00,True,,sepikhill,Sepik Hill,,,144,,dff66ff
371,2008-04-21T02:00:00+02:00,2008-04-21T02:00:00+02:00,True,,tamasepik,Tama Sepik,,,144,,dffcc00
372,2008-04-21T02:00:00+02:00,2008-04-21T02:00:00+02:00,True,,yellowriver,Yellow River,,,144,,dffff00
373,2008-04-21T02:00:00+02:00,2008-04-21T02:00:00+02:00,True,,shompen,Shompen,,,208,,dffffcc
374,2008-04-21T02:00:00+02:00,2008-04-21T02:00:00+02:00,True,,westernarunachal,Western Arunachal,,,145,Tibeto-Burman,dffffff
375,2008-04-21T02:00:00+02:00,2008-04-21T02:00:00+02:00,True,,chinese,Chinese,,,145,,f000000
376,2008-04-21T02:00:00+02:00,2008-04-21T02:00:00+02:00,True,,digaroan,Digaroan,,,145,Tibeto-Burman,f0000dd
378,2008-04-21T02:00:00+02:00,2008-04-21T02:00:00+02:00,True,,karen,Karen,,,145,Tibeto-Burman,f66ff33
379,2008-04-21T02:00:00+02:00,2008-04-21T02:00:00+02:00,True,,lepcha,Lepcha,,,145,Tibeto-Burman,f990099
380,2008-04-21T02:00:00+02:00,2008-04-21T02:00:00+02:00,True,,burmeselolo,Burmese-Lolo,,,145,Tibeto-Burman,f9999ff
381,2008-04-21T02:00:00+02:00,2008-04-21T02:00:00+02:00,True,,bai,Bai,,,145,Tibeto-Burman,f99ffff
382,2008-04-21T02:00:00+02:00,2008-04-21T02:00:00+02:00,True,,tani,Tani,,,145,Tibeto-Burman,faa0000
383,2008-04-21T02:00:00+02:00,2008-04-21T02:00:00+02:00,True,,bodogaro,Bodo-Garo,,,145,Tibeto-Burman,fcccccc
384,2008-04-21T02:00:00+02:00,2008-04-21T02:00:00+02:00,True,,naxi,Naxi,,,145,Tibeto-Burman,fdd0000
385,2008-04-21T02:00:00+02:00,2008-04-21T02:00:00+02:00,True,,nungish,Nungish,,,145,Tibeto-Burman,fff4400
386,2008-04-21T02:00:00+02:00,2008-04-21T02:00:00+02:00,True,,kukichin,Kuki-Chin,,,145,Tibeto-Burman,fff6600
387,2008-04-21T02:00:00+02:00,2008-04-21T02:00:00+02:00,True,,qiangic,Qiangic,,,145,Tibeto-Burman,fff66ff
388,2008-04-21T02:00:00+02:00,2008-04-21T02:00:00+02:00,True,,northernnaga,Northern Naga,,,145,Tibeto-Burman,fffcc00
389,2008-04-21T02:00:00+02:00,2008-04-21T02:00:00+02:00,True,,bodic,Bodic,,,145,Tibeto-Burman,fffff00
390,2008-04-21T02:00:00+02:00,2008-04-21T02:00:00+02:00,True,,rgyalrong,rGyalrong,,,145,Tibeto-Burman,fffffcc
391,2008-04-21T02:00:00+02:00,2008-04-21T02:00:00+02:00,True,,siouan,Siouan,,,146,,fffffff
392,2008-04-21T02:00:00+02:00,2008-04-21T02:00:00+02:00,True,,westernskou,Western Skou,,,147,,s000000
393,2008-04-21T02:00:00+02:00,2008-04-21T02:00:00+02:00,True,,serrahills,Serra Hills,,,147,,s0000dd
394,2008-04-21T02:00:00+02:00,2008-04-21T02:00:00+02:00,True,,warapu,Warapu,,,147,,s009900
395,2008-04-21T02:00:00+02:00,2008-04-21T02:00:00+02:00,True,,krisa,Krisa,,,147,,s66ff33
396,2008-04-21T02:00:00+02:00,2008-04-21T02:00:00+02:00,True,,lavukaleve,Lavukaleve,,,203,,s990099
397,2008-04-21T02:00:00+02:00,2008-04-21T02:00:00+02:00,True,,savosavo,Savosavo,,,203,,s9999ff
398,2008-04-21T02:00:00+02:00,2008-04-21T02:00:00+02:00,True,,bilua,Bilua,,,203,,s99ffff
399,2008-04-21T02:00:00+02:00,2008-04-21T02:00:00+02:00,True,,southandamanese,South Andamanese,,,202,,saa0000
400,2008-04-21T02:00:00+02:00,2008-04-21T02:00:00+02:00,True,,sulka,Sulka,,,148,,scccccc
401,2008-04-21T02:00:00+02:00,2008-04-21T02:00:00+02:00,True,,sulung,Sulung,,,204,,sdd0000
402,2008-04-21T02:00:00+02:00,2008-04-21T02:00:00+02:00,True,,tacame,Tacame,,,149,,sff4400
403,2008-04-21T02:00:00+02:00,2008-04-21T02:00:00+02:00,True,,tacanan,Tacanan,,,150,,sff6600
404,2008-04-21T02:00:00+02:00,2008-04-21T02:00:00+02:00,True,,kamtai,Kam-Tai,,,151,,sff66ff
405,2008-04-21T02:00:00+02:00,2008-04-21T02:00:00+02:00,True,,kadai,Kadai,,,151,,sffcc00
406,2008-04-21T02:00:00+02:00,2008-04-21T02:00:00+02:00,True,,hlai,Hlai,,,151,,sffff00
407,2008-04-21T02:00:00+02:00,2008-04-21T02:00:00+02:00,True,,takelma,Takelma,,,152,,sffffcc
408,2008-04-21T02:00:00+02:00,2008-04-21T02:00:00+02:00,True,,tarascan,Tarascan,,,153,,sffffff
409,2008-04-21T02:00:00+02:00,2008-04-21T02:00:00+02:00,True,,tasmanian,Tasmanian,,,154,,t000000
410,2008-04-21T02:00:00+02:00,2008-04-21T02:00:00+02:00,True,,taushiro,Taushiro,,,155,,t0000dd
411,2008-04-21T02:00:00+02:00,2008-04-21T02:00:00+02:00,True,,teberan,Teberan,,,156,,t009900
412,2008-04-21T02:00:00+02:00,2008-04-21T02:00:00+02:00,True,,pawaian,Pawaian,,,156,,t66ff33
413,2008-04-21T02:00:00+02:00,2008-04-21T02:00:00+02:00,True,,tequistlatecan,Tequistlatecan,,,157,,t990099
414,2008-04-21T02:00:00+02:00,2008-04-21T02:00:00+02:00,True,,ticuna,Ticuna,,,158,,t9999ff
415,2008-04-21T02:00:00+02:00,2008-04-21T02:00:00+02:00,True,,kolanatanglapui,Kolana-Tanglapui,,,205,,t99ffff
416,2008-04-21T02:00:00+02:00,2008-04-21T02:00:00+02:00,True,,makasaefatalukuoirata,Makasae-Fataluku-Oirata,,,205,,taa0000
417,2008-04-21T02:00:00+02:00,2008-04-21T02:00:00+02:00,True,,greateralor,Greater Alor,,,205,,tcccccc
418,2008-04-21T02:00:00+02:00,2008-04-21T02:00:00+02:00,True,,timotecuica,Timote-Cuica,,,159,,tdd0000
419,2008-04-21T02:00:00+02:00,2008-04-21T02:00:00+02:00,True,,timucua,Timucua,,,160,,tff4400
420,2008-04-21T02:00:00+02:00,2008-04-21T02:00:00+02:00,True,,tol,Tol,,,161,,tff6600
421,2008-04-21T02:00:00+02:00,2008-04-21T02:00:00+02:00,True,,tonkawa,Tonkawa,,,162,,tff66ff
422,2008-04-21T02:00:00+02:00,2008-04-21T02:00:00+02:00,True,,orya,Orya,,,163,,tffcc00
423,2008-04-21T02:00:00+02:00,2008-04-21T02:00:00+02:00,True,,tor,Tor,,,163,,tffff00
424,2008-04-21T02:00:00+02:00,2008-04-21T02:00:00+02:00,True,,urim,Urim,,,164,,tffffcc
425,2008-04-21T02:00:00+02:00,2008-04-21T02:00:00+02:00,True,,marienberg,Marienberg,,,164,,tffffff
426,2008-04-21T02:00:00+02:00,2008-04-21T02:00:00+02:00,True,,westwapei,West Wapei,,,164,,c000000
427,2008-04-21T02:00:00+02:00,2008-04-21T02:00:00+02:00,True,,kombioarapesh,Kombio-Arapesh,,,164,,c0000dd
428,2008-04-21T02:00:00+02:00,2008-04-21T02:00:00+02:00,True,,wapeipalei,Wapei-Palei,,,164,,c009900
429,2008-04-21T02:00:00+02:00,2008-04-21T02:00:00+02:00,True,,totonacan,Totonacan,,,165,,c66ff33
430,2008-04-21T02:00:00+02:00,2008-04-21T02:00:00+02:00,True,,easternhighlands,Eastern Highlands,,,166,,c990099
431,2008-04-21T02:00:00+02:00,2008-04-21T02:00:00+02:00,True,,duna,Duna,,,166,,c9999ff
432,2008-04-21T02:00:00+02:00,2008-04-21T02:00:00+02:00,True,,dani,Dani,,,166,,c99ffff
433,2008-04-21T02:00:00+02:00,2008-04-21T02:00:00+02:00,True,,engan,Engan,,,166,,caa0000
434,2008-04-21T02:00:00+02:00,2008-04-21T02:00:00+02:00,True,,finisterrehuon,Finisterre-Huon,,,166,,ccccccc
435,2008-04-21T02:00:00+02:00,2008-04-21T02:00:00+02:00,True,,goilalan,Goilalan,,,166,,cdd0000
436,2008-04-21T02:00:00+02:00,2008-04-21T02:00:00+02:00,True,,wissellakeskemandoga,Wissel Lakes-Kemandoga,,,166,,cff4400
437,2008-04-21T02:00:00+02:00,2008-04-21T02:00:00+02:00,True,,madang,Madang,,,166,,cff6600
438,2008-04-21T02:00:00+02:00,2008-04-21T02:00:00+02:00,True,,chimbu,Chimbu,,,166,,cff66ff
439,2008-04-21T02:00:00+02:00,2008-04-21T02:00:00+02:00,True,,koiarian,Koiarian,,,166,,cffcc00
440,2008-04-21T02:00:00+02:00,2008-04-21T02:00:00+02:00,True,,fasu,Fasu,,,166,,cffff00
441,2008-04-21T02:00:00+02:00,2008-04-21T02:00:00+02:00,True,,ok,Ok,,,166,,cffffcc
442,2008-04-21T02:00:00+02:00,2008-04-21T02:00:00+02:00,True,,binanderean,Binanderean,,,166,,cffffff
443,2008-04-21T02:00:00+02:00,2008-04-21T02:00:00+02:00,True,,momuna,Momuna,,,166,,d000000
444,2008-04-21T02:00:00+02:00,2008-04-21T02:00:00+02:00,True,,kutubuan,Kutubuan,,,166,,d0000dd
445,2008-04-21T02:00:00+02:00,2008-04-21T02:00:00+02:00,True,,awjudumut,Awju-Dumut,,,166,,d009900
446,2008-04-21T02:00:00+02:00,2008-04-21T02:00:00+02:00,True,,mek,Mek,,,166,,d66ff33
447,2008-04-21T02:00:00+02:00,2008-04-21T02:00:00+02:00,True,,asmatkamoro,Asmat-Kamoro,,,166,,d990099
448,2008-04-21T02:00:00+02:00,2008-04-21T02:00:00+02:00,True,,mairasitanahmerah,Mairasi-Tanahmerah,,,166,,d9999ff
449,2008-04-21T02:00:00+02:00,2008-04-21T02:00:00+02:00,True,,angan,Angan,,,166,,d99ffff
450,2008-04-21T02:00:00+02:00,2008-04-21T02:00:00+02:00,True,,mailuan,Mailuan,,,166,,daa0000
451,2008-04-21T02:00:00+02:00,2008-04-21T02:00:00+02:00,True,,trumai,Trumai,,,167,,dcccccc
452,2008-04-21T02:00:00+02:00,2008-04-21T02:00:00+02:00,True,,tucanoan,Tucanoan,,,168,,ddd0000
453,2008-04-21T02:00:00+02:00,2008-04-21T02:00:00+02:00,True,,tunica,Tunica,,,169,,dff4400
454,2008-04-21T02:00:00+02:00,2008-04-21T02:00:00+02:00,True,,tupari,Tupari,,,170,,dff6600
455,2008-04-21T02:00:00+02:00,2008-04-21T02:00:00+02:00,True,,monde,Monde,,,170,,dff66ff
456,2008-04-21T02:00:00+02:00,2008-04-21T02:00:00+02:00,True,,ramarama,Ramarama,,,170,,dffcc00
457,2008-04-21T02:00:00+02:00,2008-04-21T02:00:00+02:00,True,,tupiguarani,Tupi-Guaraní,,,170,,dffff00
458,2008-04-21T02:00:00+02:00,2008-04-21T02:00:00+02:00,True,,arikem,Arikem,,,170,,dffffcc
459,2008-04-21T02:00:00+02:00,2008-04-21T02:00:00+02:00,True,,munduruku,Munduruku,,,170,,dffffff
460,2008-04-21T02:00:00+02:00,2008-04-21T02:00:00+02:00,True,,turamakikorian,Turama-Kikorian,,,171,,f000000
462,2008-04-21T02:00:00+02:00,2008-04-21T02:00:00+02:00,True,,saami,Saami,,,173,Finno-Ugric,f009900
463,2008-04-21T02:00:00+02:00,2008-04-21T02:00:00+02:00,True,,samoyedic,Samoyedic,,,173,,f66ff33
464,2008-04-21T02:00:00+02:00,2008-04-21T02:00:00+02:00,True,,ugric,Ugric,,,173,Finno-Ugric,f990099
465,2008-04-21T02:00:00+02:00,2008-04-21T02:00:00+02:00,True,,finnic,Finnic,,,173,Finno-Ugric,f9999ff
466,2008-04-21T02:00:00+02:00,2008-04-21T02:00:00+02:00,True,,mari,Mari,,,173,Finno-Ugric,f99ffff
467,2008-04-21T02:00:00+02:00,2008-04-21T02:00:00+02:00,True,,mordvin,Mordvin,,,173,Finno-Ugric,faa0000
468,2008-04-21T02:00:00+02:00,2008-04-21T02:00:00+02:00,True,,permic,Permic,,,173,Finno-Ugric,fcccccc
469,2008-04-21T02:00:00+02:00,2008-04-21T02:00:00+02:00,True,,urarina,Urarina,,,174,,fdd0000
470,2008-04-21T02:00:00+02:00,2008-04-21T02:00:00+02:00,True,,uruchipaya,Uru-Chipaya,,,175,,fff4400
471,2008-04-21T02:00:00+02:00,2008-04-21T02:00:00+02:00,True,,corachol,Corachol,,,176,,fff6600
472,2008-04-21T02:00:00+02:00,2008-04-21T02:00:00+02:00,True,,tubar,Tubar,,,176,,fff66ff
473,2008-04-21T02:00:00+02:00,2008-04-21T02:00:00+02:00,True,,hopi,Hopi,,,176,,fffcc00
474,2008-04-21T02:00:00+02:00,2008-04-21T02:00:00+02:00,True,,takic,Takic,,,176,,fffff00
475,2008-04-21T02:00:00+02:00,2008-04-21T02:00:00+02:00,True,,cahita,Cahita,,,176,,fffffcc
476,2008-04-21T02:00:00+02:00,2008-04-21T02:00:00+02:00,True,,aztecan,Aztecan,,,176,,fffffff
477,2008-04-21T02:00:00+02:00,2008-04-21T02:00:00+02:00,True,,numic,Numic,,,176,,s000000
478,2008-04-21T02:00:00+02:00,2008-04-21T02:00:00+02:00,True,,tepiman,Tepiman,,,176,,s0000dd
479,2008-04-21T02:00:00+02:00,2008-04-21T02:00:00+02:00,True,,tarahumaran,Tarahumaran,,,176,,s009900
480,2008-04-21T02:00:00+02:00,2008-04-21T02:00:00+02:00,True,,tubatulabal,Tubatulabal,,,176,,s66ff33
481,2008-04-21T02:00:00+02:00,2008-04-21T02:00:00+02:00,True,,southernwakashan,Southern Wakashan,,,178,,s990099
482,2008-04-21T02:00:00+02:00,2008-04-21T02:00:00+02:00,True,,northernwakashan,Northern Wakashan,,,178,,s9999ff
483,2008-04-21T02:00:00+02:00,2008-04-21T02:00:00+02:00,True,,waorani,Waorani,,,179,,s99ffff
484,2008-04-21T02:00:00+02:00,2008-04-21T02:00:00+02:00,True,,yukian,Yukian,,,180,,saa0000
485,2008-04-21T02:00:00+02:00,2008-04-21T02:00:00+02:00,True,,wappo,Wappo,,,180,,scccccc
486,2008-04-21T02:00:00+02:00,2008-04-21T02:00:00+02:00,True,,warao,Warao,,,181,,sdd0000
487,2008-04-21T02:00:00+02:00,2008-04-21T02:00:00+02:00,True,,washo,Washo,,,182,,sff4400
488,2008-04-21T02:00:00+02:00,2008-04-21T02:00:00+02:00,True,,westbomberai,West Bomberai,,,183,,sff6600
489,2008-04-21T02:00:00+02:00,2008-04-21T02:00:00+02:00,True,,westbougainville,West Bougainville,,,184,,sff66ff
490,2008-04-21T02:00:00+02:00,2008-04-21T02:00:00+02:00,True,,westernfly,Western Fly,,,186,,sffcc00
491,2008-04-21T02:00:00+02:00,2008-04-21T02:00:00+02:00,True,,westbirdshead,West Bird's Head,,,185,,sffff00
492,2008-04-21T02:00:00+02:00,2008-04-21T02:00:00+02:00,True,,kebar,Kebar,,,185,,sffffcc
493,2008-04-21T02:00:00+02:00,2008-04-21T02:00:00+02:00,True,,northcentralbirdshead,North-Central Bird's Head,,,185,,sffffff
494,2008-04-21T02:00:00+02:00,2008-04-21T02:00:00+02:00,True,,northhalmaheran,North Halmaheran,,,185,,t000000
495,2008-04-21T02:00:00+02:00,2008-04-21T02:00:00+02:00,True,,hatam,Hatam,,,185,,t0000dd
496,2008-04-21T02:00:00+02:00,2008-04-21T02:00:00+02:00,True,,yale,Yale,,,187,,t009900
497,2008-04-21T02:00:00+02:00,2008-04-21T02:00:00+02:00,True,,yamana,Yámana,,,188,,t66ff33
498,2008-04-21T02:00:00+02:00,2008-04-21T02:00:00+02:00,True,,yanomam,Yanomam,,,189,,t990099
499,2008-04-21T02:00:00+02:00,2008-04-21T02:00:00+02:00,True,,yareban,Yareban,,,190,,t9999ff
500,2008-04-21T02:00:00+02:00,2008-04-21T02:00:00+02:00,True,,yaruro,Yaruro,,,191,,t99ffff
501,2008-04-21T02:00:00+02:00,2008-04-21T02:00:00+02:00,True,,yawa,Yawa,,,192,,taa0000
502,2008-04-21T02:00:00+02:00,2008-04-21T02:00:00+02:00,True,,yele,Yele,,,193,,tcccccc
503,2008-04-21T02:00:00+02:00,2008-04-21T02:00:00+02:00,True,,yeniseian,Yeniseian,,,194,,tdd0000
504,2008-04-21T02:00:00+02:00,2008-04-21T02:00:00+02:00,True,,yuchi,Yuchi,,,195,,tff4400
505,2008-04-21T02:00:00+02:00,2008-04-21T02:00:00+02:00,True,,yukaghir,Yukaghir,,,196,,tff6600
506,2008-04-21T02:00:00+02:00,2008-04-21T02:00:00+02:00,True,,yuracare,Yuracare,,,197,,tff66ff
507,2008-04-21T02:00:00+02:00,2008-04-21T02:00:00+02:00,True,,yurimangi,Yurimangí,,,198,,tffcc00
508,2008-04-21T02:00:00+02:00,2008-04-21T02:00:00+02:00,True,,zamucoan,Zamucoan,,,199,,tffff00
509,2008-04-21T02:00:00+02:00,2008-04-21T02:00:00+02:00,True,,zaparoan,Zaparoan,,,200,,tffffcc
510,2008-04-21T02:00:00+02:00,2008-04-21T02:00:00+02:00,True,,zuni,Zuni,,,201,,tffffff
377,2008-04-21T02:00:00+02:00,2013-11-15T01:00:00+01:00,True,,jinghpo,Jingpho,,,145,Tibeto-Burman,f009900
461,2008-04-21T02:00:00+02:00,2013-11-15T01:00:00+01:00,True,,upperyuat,Piawi,,,172,,f0000dd
511,2013-11-14T10:26:18.101340+01:00,2013-11-14T10:26:18.101353+01:00,True,,dhimalic,Dhimalic,,,145,Tibeto-Burman,c000000
512,2013-11-14T10:26:18.239429+01:00,2013-11-14T10:26:18.239443+01:00,True,,mahakiranti,Mahakiranti,,,145,Tibeto-Burman,c0000dd
513,2013-11-14T10:26:18.985494+01:00,2013-11-14T10:26:18.985498+01:00,True,,greatercentralphilippine,Greater Central Philippine,,,15,,cffffcc
514,2013-11-14T10:26:18.985843+01:00,2013-11-14T10:26:18.985847+01:00,True,,northernluzon,Northern Luzon,,,15,,cffffff
515,2013-11-14T10:26:18.986132+01:00,2013-11-14T10:26:18.986135+01:00,True,,centralluzon,Central Luzon,,,15,,d000000
516,2013-11-14T10:26:18.986414+01:00,2013-11-14T10:26:18.986417+01:00,True,,batanic,Batanic,,,15,,d0000dd
517,2013-11-14T10:26:18.986697+01:00,2013-11-14T10:26:18.986700+01:00,True,,bilic,Bilic,,,15,,d009900
518,2013-11-14T10:26:18.986975+01:00,2013-11-14T10:26:18.986977+01:00,True,,northborneo,North Borneo,,,15,,d66ff33
519,2013-11-14T10:26:18.987251+01:00,2013-11-14T10:26:18.987254+01:00,True,,malayosumbawan,Malayo-Sumbawan,,,15,,d990099
520,2013-11-14T10:26:18.987532+01:00,2013-11-14T10:26:18.987535+01:00,True,,enggano,Enggano,,,15,,d9999ff
521,2013-11-14T10:26:18.987805+01:00,2013-11-14T10:26:18.987807+01:00,True,,northwestsumatrabarrierislands,Northwest Sumatra-Barrier Islands,,,15,,d99ffff
522,2013-11-14T10:26:18.988083+01:00,2013-11-14T10:26:18.988086+01:00,True,,rukai,Rukai,,,15,,daa0000
523,2013-11-14T10:26:18.988355+01:00,2013-11-14T10:26:18.988358+01:00,True,,minahasan,Minahasan,,,15,,dcccccc
524,2013-11-14T10:26:18.988629+01:00,2013-11-14T10:26:18.988631+01:00,True,,sangiric,Sangiric,,,15,,ddd0000
525,2013-11-14T10:26:18.988902+01:00,2013-11-14T10:26:18.988905+01:00,True,,southsulawesi,South Sulawesi,,,15,,dff4400
526,2013-11-14T10:26:18.989188+01:00,2013-11-14T10:26:18.989191+01:00,True,,celebic,Celebic,,,15,,dff6600
527,2013-11-14T10:26:19.130069+01:00,2013-11-14T10:26:19.130080+01:00,True,,moraori,Moraori,,,213,,c000000
528,2013-11-14T10:26:19.407012+01:00,2013-11-14T10:26:19.407022+01:00,True,,aikana,Aikaná,,,214,,c000000
529,2013-11-14T10:26:19.407939+01:00,2013-11-14T10:26:19.407947+01:00,True,,iranxe,Iranxe,,,215,,c000000
530,2013-11-14T10:26:19.408841+01:00,2013-11-14T10:26:19.408852+01:00,True,,northernarawakan,Northern Arawakan,,,11,,c000000
531,2013-11-14T10:26:19.409747+01:00,2013-11-14T10:26:19.409756+01:00,True,,westernarawakan,Western Arawakan,,,11,,c0000dd
532,2013-11-14T10:26:19.410579+01:00,2013-11-14T10:26:19.410588+01:00,True,,centralarawakan,Central Arawakan,,,11,,c009900
533,2013-11-14T10:26:19.411547+01:00,2013-11-14T10:26:19.411558+01:00,True,,easternarawakan,Eastern Arawakan,,,11,,c66ff33
534,2013-11-14T10:26:19.412414+01:00,2013-11-14T10:26:19.412422+01:00,True,,purus,Purus,,,11,,c990099
535,2013-11-14T10:26:19.413326+01:00,2013-11-14T10:26:19.413335+01:00,True,,boliviaparana,Bolivia-Parana,,,11,,c9999ff
536,2013-11-14T10:26:19.414138+01:00,2013-11-14T10:26:19.414146+01:00,True,,preandinearawakan,Pre-Andine Arawakan,,,11,,c99ffff
537,2013-11-14T10:26:36.225269+01:00,2013-11-14T10:26:36.225281+01:00,True,,gbayamanzangbaka,Gbaya-Manza-Ngbaka,,,123,,c000000
594,2014-07-03T09:49:40.567118+02:00,2014-07-03T09:49:40.567122+02:00,True,,dizoid,Dizoid,,,1,Omotic,tdd0000
595,2014-07-03T09:49:40.709215+02:00,2014-07-03T09:49:40.709221+02:00,True,,eastformosan,East Formosan,,,15,,fdd0000
596,2014-07-03T09:49:40.725221+02:00,2014-07-03T09:49:40.725232+02:00,True,,westernplainsaustronesian,Western Plains Austronesian,,,15,,f0000dd
291,2008-04-21T02:00:00+02:00,2014-07-03T09:49:40.739380+02:00,True,,southernatlantic,Mel,,,123,Atlantic,f0000dd
