pk,created,updated,active,jsondata,polymorphic_type,id,name,description,markup_description,version
63,2008-04-21T02:00:00+02:00,2008-04-21T02:00:00+02:00,True,,base,63A,Noun Phrase Conjunction,,,1
167,2011-04-28T02:00:00+02:00,2011-04-28T02:00:00+02:00,True,,base,144D,The Position of Negative Morphemes in SVO Languages,,,1
74,2008-04-21T02:00:00+02:00,2008-04-21T02:00:00+02:00,True,,base,74A,Situational Possibility,,,1
91,2008-04-21T02:00:00+02:00,2008-04-21T02:00:00+02:00,True,,base,91A,Order of Degree Word and Adjective,,,1
72,2008-04-21T02:00:00+02:00,2008-04-21T02:00:00+02:00,True,,base,72A,Imperative-Hortative Systems,,,1
117,2008-04-21T02:00:00+02:00,2008-04-21T02:00:00+02:00,True,,base,117A,Predicative Possession,,,1
184,2008-04-21T02:00:00+02:00,2008-04-21T02:00:00+02:00,True,,base,136B,M in First Person Singular,,,1
191,2008-04-21T02:00:00+02:00,2008-04-21T02:00:00+02:00,True,,base,58B,Number of Possessive Nouns,,,1
169,2011-04-28T02:00:00+02:00,2011-04-28T02:00:00+02:00,True,,base,143E,Preverbal Negative Morphemes,,,1
104,2008-04-21T02:00:00+02:00,2008-04-21T02:00:00+02:00,True,,base,104A,Order of Person Markers on the Verb,,,1
180,2011-04-28T02:00:00+02:00,2011-04-28T02:00:00+02:00,True,,base,143G,Minor morphological means of signaling negation,,,1
88,2008-04-21T02:00:00+02:00,2008-04-21T02:00:00+02:00,True,,base,88A,Order of Demonstrative and Noun,,,1
152,2011-04-28T02:00:00+02:00,2011-04-28T02:00:00+02:00,True,,base,144A,"Position of Negative Word With Respect to Subject, Object, and Verb",,,1
101,2008-04-21T02:00:00+02:00,2008-04-21T02:00:00+02:00,True,,base,101A,Expression of Pronominal Subjects,,,1
48,2008-04-21T02:00:00+02:00,2008-04-21T02:00:00+02:00,True,,base,48A,Person Marking on Adpositions,,,1
143,2011-04-28T02:00:00+02:00,2011-04-28T02:00:00+02:00,True,,base,143F,Postverbal Negative Morphemes,,,1
70,2008-04-21T02:00:00+02:00,2008-04-21T02:00:00+02:00,True,,base,70A,The Morphological Imperative,,,1
156,2011-04-28T02:00:00+02:00,2011-04-28T02:00:00+02:00,True,,base,144I,SNegVO Order,,,1
127,2008-04-21T02:00:00+02:00,2008-04-21T02:00:00+02:00,True,,base,127A,Reason Clauses,,,1
82,2008-04-21T02:00:00+02:00,2008-04-21T02:00:00+02:00,True,,base,82A,Order of Subject and Verb,,,1
162,2011-04-28T02:00:00+02:00,2011-04-28T02:00:00+02:00,True,,base,144K,SVONeg Order,,,1
27,2008-04-21T02:00:00+02:00,2008-04-21T02:00:00+02:00,True,,base,27A,Reduplication,,,1
86,2008-04-21T02:00:00+02:00,2008-04-21T02:00:00+02:00,True,,base,86A,Order of Genitive and Noun,,,1
49,2008-04-21T02:00:00+02:00,2008-04-21T02:00:00+02:00,True,,base,49A,Number of Cases,,,1
148,2011-04-28T02:00:00+02:00,2011-04-28T02:00:00+02:00,True,,base,144J,SVNegO Order,,,1
92,2008-04-21T02:00:00+02:00,2008-04-21T02:00:00+02:00,True,,base,92A,Position of Polar Question Particles,,,1
107,2008-04-21T02:00:00+02:00,2008-04-21T02:00:00+02:00,True,,base,107A,Passive Constructions,,,1
183,2008-04-21T02:00:00+02:00,2008-04-21T02:00:00+02:00,True,,base,137B,M in Second Person Singular,,,1
136,2008-04-21T02:00:00+02:00,2008-04-21T02:00:00+02:00,True,,base,136A,M-T Pronouns,,,1
59,2008-04-21T02:00:00+02:00,2008-04-21T02:00:00+02:00,True,,base,59A,Possessive Classification,,,1
81,2008-04-21T02:00:00+02:00,2008-04-21T02:00:00+02:00,True,,base,81A,"Order of Subject, Object and Verb",,,1
126,2008-04-21T02:00:00+02:00,2008-04-21T02:00:00+02:00,True,,base,126A,'When' Clauses,,,1
44,2008-04-21T02:00:00+02:00,2008-04-21T02:00:00+02:00,True,,base,44A,Gender Distinctions in Independent Personal Pronouns,,,1
116,2008-04-21T02:00:00+02:00,2008-04-21T02:00:00+02:00,True,,base,116A,Polar Questions,,,1
100,2008-04-21T02:00:00+02:00,2008-04-21T02:00:00+02:00,True,,base,100A,Alignment of Verbal Person Marking,,,1
121,2008-04-21T02:00:00+02:00,2008-04-21T02:00:00+02:00,True,,base,121A,Comparative Constructions,,,1
37,2008-04-21T02:00:00+02:00,2008-04-21T02:00:00+02:00,True,,base,37A,Definite Articles,,,1
128,2008-04-21T02:00:00+02:00,2008-04-21T02:00:00+02:00,True,,base,128A,Utterance Complement Clauses,,,1
87,2008-04-21T02:00:00+02:00,2008-04-21T02:00:00+02:00,True,,base,87A,Order of Adjective and Noun,,,1
76,2008-04-21T02:00:00+02:00,2008-04-21T02:00:00+02:00,True,,base,76A,Overlap between Situational and Epistemic Modal Marking,,,1
102,2008-04-21T02:00:00+02:00,2008-04-21T02:00:00+02:00,True,,base,102A,Verbal Person Marking,,,1
177,2011-04-28T02:00:00+02:00,2011-04-28T02:00:00+02:00,True,,base,144H,NegSVO Order,,,1
103,2008-04-21T02:00:00+02:00,2008-04-21T02:00:00+02:00,True,,base,103A,Third Person Zero of Verbal Person Marking,,,1
163,2011-04-28T02:00:00+02:00,2011-04-28T02:00:00+02:00,True,,base,144B,Position of negative words relative to beginning and end of clause and with respect to adjacency to verb,,,1
75,2008-04-21T02:00:00+02:00,2008-04-21T02:00:00+02:00,True,,base,75A,Epistemic Possibility,,,1
57,2008-04-21T02:00:00+02:00,2008-04-21T02:00:00+02:00,True,,base,57A,Position of Pronominal Possessive Affixes,,,1
137,2008-04-21T02:00:00+02:00,2008-04-21T02:00:00+02:00,True,,base,137A,N-M Pronouns,,,1
83,2008-04-21T02:00:00+02:00,2008-04-21T02:00:00+02:00,True,,base,83A,Order of Object and Verb,,,1
93,2008-04-21T02:00:00+02:00,2008-04-21T02:00:00+02:00,True,,base,93A,Position of Interrogative Phrases in Content Questions,,,1
50,2008-04-21T02:00:00+02:00,2008-04-21T02:00:00+02:00,True,,base,50A,Asymmetrical Case-Marking,,,1
125,2008-04-21T02:00:00+02:00,2008-04-21T02:00:00+02:00,True,,base,125A,Purpose Clauses,,,1
58,2008-04-21T02:00:00+02:00,2008-04-21T02:00:00+02:00,True,,base,58A,Obligatory Possessive Inflection,,,1
172,2011-04-28T02:00:00+02:00,2011-04-28T02:00:00+02:00,True,,base,143A,Order of Negative Morpheme and Verb,,,1
71,2008-04-21T02:00:00+02:00,2008-04-21T02:00:00+02:00,True,,base,71A,The Prohibitive,,,1
131,2008-04-21T02:00:00+02:00,2008-04-21T02:00:00+02:00,True,,base,131A,Numeral Bases,,,1
