pk,created,updated,active,jsondata,polymorphic_type,id,name,description,markup_description,version
1,2008-04-21T02:00:00+02:00,2008-04-21T02:00:00+02:00,True,,base,1A,Consonant Inventories,,,1
2,2008-04-21T02:00:00+02:00,2008-04-21T02:00:00+02:00,True,,base,2A,Vowel Quality Inventories,,,1
3,2008-04-21T02:00:00+02:00,2008-04-21T02:00:00+02:00,True,,base,3A,Consonant-Vowel Ratio,,,1
4,2008-04-21T02:00:00+02:00,2008-04-21T02:00:00+02:00,True,,base,4A,Voicing in Plosives and Fricatives,,,1
5,2008-04-21T02:00:00+02:00,2008-04-21T02:00:00+02:00,True,,base,5A,Voicing and Gaps in Plosive Systems,,,1
6,2008-04-21T02:00:00+02:00,2008-04-21T02:00:00+02:00,True,,base,6A,Uvular Consonants,,,1
7,2008-04-21T02:00:00+02:00,2008-04-21T02:00:00+02:00,True,,base,7A,Glottalized Consonants,,,1
8,2008-04-21T02:00:00+02:00,2008-04-21T02:00:00+02:00,True,,base,8A,Lateral Consonants,,,1
9,2008-04-21T02:00:00+02:00,2008-04-21T02:00:00+02:00,True,,base,9A,The Velar Nasal,,,1
10,2008-04-21T02:00:00+02:00,2008-04-21T02:00:00+02:00,True,,base,10A,Vowel Nasalization,,,1
11,2008-04-21T02:00:00+02:00,2008-04-21T02:00:00+02:00,True,,base,11A,Front Rounded Vowels,,,1
12,2008-04-21T02:00:00+02:00,2008-04-21T02:00:00+02:00,True,,base,12A,Syllable Structure,,,1
13,2008-04-21T02:00:00+02:00,2008-04-21T02:00:00+02:00,True,,base,13A,Tone,,,1
14,2008-04-21T02:00:00+02:00,2008-04-21T02:00:00+02:00,True,,base,14A,Fixed Stress Locations,,,1
15,2008-04-21T02:00:00+02:00,2008-04-21T02:00:00+02:00,True,,base,15A,Weight-Sensitive Stress,,,1
16,2008-04-21T02:00:00+02:00,2008-04-21T02:00:00+02:00,True,,base,16A,Weight Factors in Weight-Sensitive Stress Systems,,,1
17,2008-04-21T02:00:00+02:00,2008-04-21T02:00:00+02:00,True,,base,17A,Rhythm Types,,,1
18,2008-04-21T02:00:00+02:00,2008-04-21T02:00:00+02:00,True,,base,18A,Absence of Common Consonants,,,1
19,2008-04-21T02:00:00+02:00,2008-04-21T02:00:00+02:00,True,,base,19A,Presence of Uncommon Consonants,,,1
20,2008-04-21T02:00:00+02:00,2008-04-21T02:00:00+02:00,True,,base,20A,Fusion of Selected Inflectional Formatives,,,1
21,2008-04-21T02:00:00+02:00,2008-04-21T02:00:00+02:00,True,,base,21A,Exponence of Selected Inflectional Formatives,,,1
22,2008-04-21T02:00:00+02:00,2008-04-21T02:00:00+02:00,True,,base,22A,Inflectional Synthesis of the Verb,,,1
23,2008-04-21T02:00:00+02:00,2008-04-21T02:00:00+02:00,True,,base,23A,Locus of Marking in the Clause,,,1
24,2008-04-21T02:00:00+02:00,2008-04-21T02:00:00+02:00,True,,base,24A,Locus of Marking in Possessive Noun Phrases,,,1
25,2008-04-21T02:00:00+02:00,2008-04-21T02:00:00+02:00,True,,base,25A,Locus of Marking: Whole-language Typology,,,1
26,2008-04-21T02:00:00+02:00,2008-04-21T02:00:00+02:00,True,,base,26A,Prefixing vs. Suffixing in Inflectional Morphology,,,1
28,2008-04-21T02:00:00+02:00,2008-04-21T02:00:00+02:00,True,,base,28A,Case Syncretism,,,1
29,2008-04-21T02:00:00+02:00,2008-04-21T02:00:00+02:00,True,,base,29A,Syncretism in Verbal Person/Number Marking,,,1
30,2008-04-21T02:00:00+02:00,2008-04-21T02:00:00+02:00,True,,base,30A,Number of Genders,,,1
31,2008-04-21T02:00:00+02:00,2008-04-21T02:00:00+02:00,True,,base,31A,Sex-based and Non-sex-based Gender Systems,,,1
32,2008-04-21T02:00:00+02:00,2008-04-21T02:00:00+02:00,True,,base,32A,Systems of Gender Assignment,,,1
33,2008-04-21T02:00:00+02:00,2008-04-21T02:00:00+02:00,True,,base,33A,Coding of Nominal Plurality,,,1
34,2008-04-21T02:00:00+02:00,2008-04-21T02:00:00+02:00,True,,base,34A,Occurrence of Nominal Plurality,,,1
35,2008-04-21T02:00:00+02:00,2008-04-21T02:00:00+02:00,True,,base,35A,Plurality in Independent Personal Pronouns,,,1
36,2008-04-21T02:00:00+02:00,2008-04-21T02:00:00+02:00,True,,base,36A,The Associative Plural,,,1
38,2008-04-21T02:00:00+02:00,2008-04-21T02:00:00+02:00,True,,base,38A,Indefinite Articles,,,1
39,2008-04-21T02:00:00+02:00,2008-04-21T02:00:00+02:00,True,,base,39A,Inclusive/Exclusive Distinction in Independent Pronouns,,,1
40,2008-04-21T02:00:00+02:00,2008-04-21T02:00:00+02:00,True,,base,40A,Inclusive/Exclusive Distinction in Verbal Inflection,,,1
41,2008-04-21T02:00:00+02:00,2008-04-21T02:00:00+02:00,True,,base,41A,Distance Contrasts in Demonstratives,,,1
42,2008-04-21T02:00:00+02:00,2008-04-21T02:00:00+02:00,True,,base,42A,Pronominal and Adnominal Demonstratives,,,1
43,2008-04-21T02:00:00+02:00,2008-04-21T02:00:00+02:00,True,,base,43A,Third Person Pronouns and Demonstratives,,,1
45,2008-04-21T02:00:00+02:00,2008-04-21T02:00:00+02:00,True,,base,45A,Politeness Distinctions in Pronouns,,,1
46,2008-04-21T02:00:00+02:00,2008-04-21T02:00:00+02:00,True,,base,46A,Indefinite Pronouns,,,1
47,2008-04-21T02:00:00+02:00,2008-04-21T02:00:00+02:00,True,,base,47A,Intensifiers and Reflexive Pronouns,,,1
51,2008-04-21T02:00:00+02:00,2008-04-21T02:00:00+02:00,True,,base,51A,Position of Case Affixes,,,1
52,2008-04-21T02:00:00+02:00,2008-04-21T02:00:00+02:00,True,,base,52A,Comitatives and Instrumentals,,,1
53,2008-04-21T02:00:00+02:00,2008-04-21T02:00:00+02:00,True,,base,53A,Ordinal Numerals,,,1
54,2008-04-21T02:00:00+02:00,2008-04-21T02:00:00+02:00,True,,base,54A,Distributive Numerals,,,1
55,2008-04-21T02:00:00+02:00,2008-04-21T02:00:00+02:00,True,,base,55A,Numeral Classifiers,,,1
56,2008-04-21T02:00:00+02:00,2008-04-21T02:00:00+02:00,True,,base,56A,Conjunctions and Universal Quantifiers,,,1
60,2008-04-21T02:00:00+02:00,2008-04-21T02:00:00+02:00,True,,base,60A,"Genitives, Adjectives and Relative Clauses",,,1
61,2008-04-21T02:00:00+02:00,2008-04-21T02:00:00+02:00,True,,base,61A,Adjectives without Nouns,,,1
62,2008-04-21T02:00:00+02:00,2008-04-21T02:00:00+02:00,True,,base,62A,Action Nominal Constructions,,,1
64,2008-04-21T02:00:00+02:00,2008-04-21T02:00:00+02:00,True,,base,64A,Nominal and Verbal Conjunction,,,1
65,2008-04-21T02:00:00+02:00,2008-04-21T02:00:00+02:00,True,,base,65A,Perfective/Imperfective Aspect,,,1
66,2008-04-21T02:00:00+02:00,2008-04-21T02:00:00+02:00,True,,base,66A,The Past Tense,,,1
67,2008-04-21T02:00:00+02:00,2008-04-21T02:00:00+02:00,True,,base,67A,The Future Tense,,,1
68,2008-04-21T02:00:00+02:00,2008-04-21T02:00:00+02:00,True,,base,68A,The Perfect,,,1
69,2008-04-21T02:00:00+02:00,2008-04-21T02:00:00+02:00,True,,base,69A,Position of Tense-Aspect Affixes,,,1
73,2008-04-21T02:00:00+02:00,2008-04-21T02:00:00+02:00,True,,base,73A,The Optative,,,1
77,2008-04-21T02:00:00+02:00,2008-04-21T02:00:00+02:00,True,,base,77A,Semantic Distinctions of Evidentiality,,,1
78,2008-04-21T02:00:00+02:00,2008-04-21T02:00:00+02:00,True,,base,78A,Coding of Evidentiality,,,1
79,2008-04-21T02:00:00+02:00,2008-04-21T02:00:00+02:00,True,,base,79A,Suppletion According to Tense and Aspect,,,1
80,2008-04-21T02:00:00+02:00,2008-04-21T02:00:00+02:00,True,,base,80A,Verbal Number and Suppletion,,,1
84,2008-04-21T02:00:00+02:00,2008-04-21T02:00:00+02:00,True,,base,84A,"Order of Object, Oblique, and Verb",,,1
85,2008-04-21T02:00:00+02:00,2008-04-21T02:00:00+02:00,True,,base,85A,Order of Adposition and Noun Phrase,,,1
89,2008-04-21T02:00:00+02:00,2008-04-21T02:00:00+02:00,True,,base,89A,Order of Numeral and Noun,,,1
90,2008-04-21T02:00:00+02:00,2008-04-21T02:00:00+02:00,True,,base,90A,Order of Relative Clause and Noun,,,1
94,2008-04-21T02:00:00+02:00,2008-04-21T02:00:00+02:00,True,,base,94A,Order of Adverbial Subordinator and Clause,,,1
95,2008-04-21T02:00:00+02:00,2008-04-21T02:00:00+02:00,True,,base,95A,Relationship between the Order of Object and Verb and the Order of Adposition and Noun Phrase,,,1
96,2008-04-21T02:00:00+02:00,2008-04-21T02:00:00+02:00,True,,base,96A,Relationship between the Order of Object and Verb and the Order of Relative Clause and Noun,,,1
97,2008-04-21T02:00:00+02:00,2008-04-21T02:00:00+02:00,True,,base,97A,Relationship between the Order of Object and Verb and the Order of Adjective and Noun,,,1
98,2008-04-21T02:00:00+02:00,2008-04-21T02:00:00+02:00,True,,base,98A,Alignment of Case Marking of Full Noun Phrases,,,1
99,2008-04-21T02:00:00+02:00,2008-04-21T02:00:00+02:00,True,,base,99A,Alignment of Case Marking of Pronouns,,,1
105,2008-04-21T02:00:00+02:00,2008-04-21T02:00:00+02:00,True,,base,105A,Ditransitive Constructions: The Verb 'Give',,,1
106,2008-04-21T02:00:00+02:00,2008-04-21T02:00:00+02:00,True,,base,106A,Reciprocal Constructions,,,1
108,2008-04-21T02:00:00+02:00,2008-04-21T02:00:00+02:00,True,,base,108A,Antipassive Constructions,,,1
109,2008-04-21T02:00:00+02:00,2008-04-21T02:00:00+02:00,True,,base,109A,Applicative Constructions,,,1
110,2008-04-21T02:00:00+02:00,2008-04-21T02:00:00+02:00,True,,base,110A,Periphrastic Causative Constructions,,,1
111,2008-04-21T02:00:00+02:00,2008-04-21T02:00:00+02:00,True,,base,111A,Nonperiphrastic Causative Constructions,,,1
112,2008-04-21T02:00:00+02:00,2008-04-21T02:00:00+02:00,True,,base,112A,Negative Morphemes,,,1
113,2008-04-21T02:00:00+02:00,2008-04-21T02:00:00+02:00,True,,base,113A,Symmetric and Asymmetric Standard Negation,,,1
114,2008-04-21T02:00:00+02:00,2008-04-21T02:00:00+02:00,True,,base,114A,Subtypes of Asymmetric Standard Negation,,,1
115,2008-04-21T02:00:00+02:00,2008-04-21T02:00:00+02:00,True,,base,115A,Negative Indefinite Pronouns and Predicate Negation,,,1
118,2008-04-21T02:00:00+02:00,2008-04-21T02:00:00+02:00,True,,base,118A,Predicative Adjectives,,,1
119,2008-04-21T02:00:00+02:00,2008-04-21T02:00:00+02:00,True,,base,119A,Nominal and Locational Predication,,,1
120,2008-04-21T02:00:00+02:00,2008-04-21T02:00:00+02:00,True,,base,120A,Zero Copula for Predicate Nominals,,,1
122,2008-04-21T02:00:00+02:00,2008-04-21T02:00:00+02:00,True,,base,122A,Relativization on Subjects,,,1
123,2008-04-21T02:00:00+02:00,2008-04-21T02:00:00+02:00,True,,base,123A,Relativization on Obliques,,,1
124,2008-04-21T02:00:00+02:00,2008-04-21T02:00:00+02:00,True,,base,124A,'Want' Complement Subjects,,,1
129,2008-04-21T02:00:00+02:00,2008-04-21T02:00:00+02:00,True,,base,129A,Hand and Arm,,,1
130,2008-04-21T02:00:00+02:00,2008-04-21T02:00:00+02:00,True,,base,130A,Finger and Hand,,,1
132,2008-04-21T02:00:00+02:00,2008-04-21T02:00:00+02:00,True,,base,132A,Number of Non-Derived Basic Colour Categories,,,1
133,2008-04-21T02:00:00+02:00,2008-04-21T02:00:00+02:00,True,,base,133A,Number of Basic Colour Categories,,,1
134,2008-04-21T02:00:00+02:00,2008-04-21T02:00:00+02:00,True,,base,134A,Green and Blue,,,1
135,2008-04-21T02:00:00+02:00,2008-04-21T02:00:00+02:00,True,,base,135A,Red and Yellow,,,1
138,2008-04-21T02:00:00+02:00,2008-04-21T02:00:00+02:00,True,,base,138A,Tea,,,1
139,2008-04-21T02:00:00+02:00,2008-04-21T02:00:00+02:00,True,,base,139A,Irregular Negatives in Sign Languages,,,1
140,2008-04-21T02:00:00+02:00,2008-04-21T02:00:00+02:00,True,,base,140A,Question Particles in Sign Languages,,,1
141,2008-04-21T02:00:00+02:00,2008-04-21T02:00:00+02:00,True,,base,141A,Writing Systems,,,1
142,2008-04-21T02:00:00+02:00,2008-04-21T02:00:00+02:00,True,,base,142A,Para-Linguistic Usages of Clicks,,,1
144,2008-04-21T02:00:00+02:00,2008-04-21T02:00:00+02:00,True,,base,90B,Prenominal relative clauses,,,1
145,2011-04-28T02:00:00+02:00,2011-04-28T02:00:00+02:00,True,,base,144Y,The Position of Negative Morphemes in Object-Initial Languages,,,1
146,2008-04-21T02:00:00+02:00,2008-04-21T02:00:00+02:00,True,,base,90C,Postnominal relative clauses,,,1
147,2011-04-28T02:00:00+02:00,2011-04-28T02:00:00+02:00,True,,base,144P,NegSOV Order,,,1
149,2011-04-28T02:00:00+02:00,2011-04-28T02:00:00+02:00,True,,base,144N,Obligatory Double Negation in SOV languages,,,1
150,2011-04-28T02:00:00+02:00,2011-04-28T02:00:00+02:00,True,,base,144S,SOVNeg Order,,,1
131,2008-04-21T02:00:00+02:00,2013-11-14T10:26:39.784422+01:00,True,,base,131A,Numeral Bases,,,2
151,2011-04-28T02:00:00+02:00,2011-04-28T02:00:00+02:00,True,,base,144X,Verb-Initial with Clause-Final Negative,,,1
153,2008-04-21T02:00:00+02:00,2008-04-21T02:00:00+02:00,True,,base,90G,Double-headed relative clauses,,,1
154,2008-04-21T02:00:00+02:00,2008-04-21T02:00:00+02:00,True,,base,90E,Correlative relative clauses,,,1
155,2011-04-28T02:00:00+02:00,2011-04-28T02:00:00+02:00,True,,base,144V,Verb-Initial with Preverbal Negative,,,1
157,2011-04-28T02:00:00+02:00,2011-04-28T02:00:00+02:00,True,,base,144R,SONegV Order,,,1
158,2011-04-28T02:00:00+02:00,2011-04-28T02:00:00+02:00,True,,base,143B,Obligatory Double Negation,,,1
159,2011-04-28T02:00:00+02:00,2011-04-28T02:00:00+02:00,True,,base,144M,Multiple Negative Constructions in SOV Languages,,,1
160,2011-04-28T02:00:00+02:00,2011-04-28T02:00:00+02:00,True,,base,144U,Double negation in verb-initial languages,,,1
161,2011-04-28T02:00:00+02:00,2011-04-28T02:00:00+02:00,True,,base,144G,Optional Double Negation in SVO languages,,,1
164,2011-04-28T02:00:00+02:00,2011-04-28T02:00:00+02:00,True,,base,144F,Obligatory Double Negation in SVO languages,,,1
165,2008-04-21T02:00:00+02:00,2008-04-21T02:00:00+02:00,True,,base,90D,Internally-headed relative clauses,,,1
166,2011-04-28T02:00:00+02:00,2011-04-28T02:00:00+02:00,True,,base,144E,Multiple Negative Constructions in SVO Languages,,,1
168,2008-04-21T02:00:00+02:00,2008-04-21T02:00:00+02:00,True,,base,81B,"Languages with two Dominant Orders of Subject, Object, and Verb",,,1
170,2011-04-28T02:00:00+02:00,2011-04-28T02:00:00+02:00,True,,base,143C,Optional Double Negation,,,1
171,2008-04-21T02:00:00+02:00,2008-04-21T02:00:00+02:00,True,,base,90F,Adjoined relative clauses,,,1
173,2011-04-28T02:00:00+02:00,2011-04-28T02:00:00+02:00,True,,base,144W,Verb-Initial with Negative that is Immediately Postverbal or between Subject and Object,,,1
174,2011-04-28T02:00:00+02:00,2011-04-28T02:00:00+02:00,True,,base,144O,Optional Double Negation in SOV languages,,,1
175,2011-04-28T02:00:00+02:00,2011-04-28T02:00:00+02:00,True,,base,144Q,SNegOV Order,,,1
176,2011-04-28T02:00:00+02:00,2011-04-28T02:00:00+02:00,True,,base,144L,The Position of Negative Morphemes in SOV Languages,,,1
178,2011-04-28T02:00:00+02:00,2011-04-28T02:00:00+02:00,True,,base,144C,Languages with different word order in negative clauses,,,1
179,2011-04-28T02:00:00+02:00,2011-04-28T02:00:00+02:00,True,,base,144T,The Position of Negative Morphemes in Verb-Initial Languages,,,1
181,2011-04-28T02:00:00+02:00,2011-04-28T02:00:00+02:00,True,,base,143D,Optional Triple Negation,,,1
182,2008-04-21T02:00:00+02:00,2008-04-21T02:00:00+02:00,True,,base,39B,Inclusive/Exclusive Forms in Pama-Nyungan,,,1
185,2008-04-21T02:00:00+02:00,2008-04-21T02:00:00+02:00,True,,base,109B,Other Roles of Applied Objects,,,1
186,2008-04-21T02:00:00+02:00,2008-04-21T02:00:00+02:00,True,,base,10B,Nasal Vowels in West Africa,,,1
187,2008-04-21T02:00:00+02:00,2008-04-21T02:00:00+02:00,True,,base,25B,Zero Marking of A and P Arguments,,,1
188,2008-04-21T02:00:00+02:00,2008-04-21T02:00:00+02:00,True,,base,21B,Exponence of Tense-Aspect-Mood Inflection,,,1
189,2008-04-21T02:00:00+02:00,2008-04-21T02:00:00+02:00,True,,base,108B,Productivity of the Antipassive Construction,,,1
190,2008-04-21T02:00:00+02:00,2008-04-21T02:00:00+02:00,True,,base,130B,Cultural Categories of Languages with Identity of 'Finger' and 'Hand',,,1
192,2008-04-21T02:00:00+02:00,2008-04-21T02:00:00+02:00,True,,base,79B,Suppletion in Imperatives and Hortatives,,,1
27,2008-04-21T02:00:00+02:00,2013-11-14T10:26:36.272499+01:00,True,,base,27A,Reduplication,,,2
37,2008-04-21T02:00:00+02:00,2013-11-14T10:26:36.273745+01:00,True,,base,37A,Definite Articles,,,2
44,2008-04-21T02:00:00+02:00,2013-11-14T10:26:36.274492+01:00,True,,base,44A,Gender Distinctions in Independent Personal Pronouns,,,2
48,2008-04-21T02:00:00+02:00,2013-11-14T10:26:36.275081+01:00,True,,base,48A,Person Marking on Adpositions,,,2
49,2008-04-21T02:00:00+02:00,2013-11-14T10:26:36.275683+01:00,True,,base,49A,Number of Cases,,,2
50,2008-04-21T02:00:00+02:00,2013-11-14T10:26:36.276213+01:00,True,,base,50A,Asymmetrical Case-Marking,,,2
57,2008-04-21T02:00:00+02:00,2013-11-14T10:26:36.276972+01:00,True,,base,57A,Position of Pronominal Possessive Affixes,,,2
58,2008-04-21T02:00:00+02:00,2013-11-14T10:26:36.277734+01:00,True,,base,58A,Obligatory Possessive Inflection,,,2
59,2008-04-21T02:00:00+02:00,2013-11-14T10:26:36.278402+01:00,True,,base,59A,Possessive Classification,,,2
63,2008-04-21T02:00:00+02:00,2013-11-14T10:26:36.279153+01:00,True,,base,63A,Noun Phrase Conjunction,,,2
70,2008-04-21T02:00:00+02:00,2013-11-14T10:26:36.279801+01:00,True,,base,70A,The Morphological Imperative,,,2
71,2008-04-21T02:00:00+02:00,2013-11-14T10:26:36.280444+01:00,True,,base,71A,The Prohibitive,,,2
72,2008-04-21T02:00:00+02:00,2013-11-14T10:26:36.281086+01:00,True,,base,72A,Imperative-Hortative Systems,,,2
74,2008-04-21T02:00:00+02:00,2013-11-14T10:26:36.281873+01:00,True,,base,74A,Situational Possibility,,,2
75,2008-04-21T02:00:00+02:00,2013-11-14T10:26:36.282570+01:00,True,,base,75A,Epistemic Possibility,,,2
76,2008-04-21T02:00:00+02:00,2013-11-14T10:26:36.283182+01:00,True,,base,76A,Overlap between Situational and Epistemic Modal Marking,,,2
81,2008-04-21T02:00:00+02:00,2013-11-14T10:26:36.283747+01:00,True,,base,81A,"Order of Subject, Object and Verb",,,2
82,2008-04-21T02:00:00+02:00,2013-11-14T10:26:36.284379+01:00,True,,base,82A,Order of Subject and Verb,,,2
83,2008-04-21T02:00:00+02:00,2013-11-14T10:26:36.285207+01:00,True,,base,83A,Order of Object and Verb,,,2
86,2008-04-21T02:00:00+02:00,2013-11-14T10:26:36.285910+01:00,True,,base,86A,Order of Genitive and Noun,,,2
87,2008-04-21T02:00:00+02:00,2013-11-14T10:26:36.286683+01:00,True,,base,87A,Order of Adjective and Noun,,,2
88,2008-04-21T02:00:00+02:00,2013-11-14T10:26:36.287455+01:00,True,,base,88A,Order of Demonstrative and Noun,,,2
91,2008-04-21T02:00:00+02:00,2013-11-14T10:26:36.288153+01:00,True,,base,91A,Order of Degree Word and Adjective,,,2
92,2008-04-21T02:00:00+02:00,2013-11-14T10:26:36.288776+01:00,True,,base,92A,Position of Polar Question Particles,,,2
93,2008-04-21T02:00:00+02:00,2013-11-14T10:26:36.289385+01:00,True,,base,93A,Position of Interrogative Phrases in Content Questions,,,2
100,2008-04-21T02:00:00+02:00,2013-11-14T10:26:36.290027+01:00,True,,base,100A,Alignment of Verbal Person Marking,,,2
101,2008-04-21T02:00:00+02:00,2013-11-14T10:26:36.290612+01:00,True,,base,101A,Expression of Pronominal Subjects,,,2
102,2008-04-21T02:00:00+02:00,2013-11-14T10:26:36.291162+01:00,True,,base,102A,Verbal Person Marking,,,2
103,2008-04-21T02:00:00+02:00,2013-11-14T10:26:36.291719+01:00,True,,base,103A,Third Person Zero of Verbal Person Marking,,,2
104,2008-04-21T02:00:00+02:00,2013-11-14T10:26:36.292296+01:00,True,,base,104A,Order of Person Markers on the Verb,,,2
107,2008-04-21T02:00:00+02:00,2013-11-14T10:26:36.292996+01:00,True,,base,107A,Passive Constructions,,,2
116,2008-04-21T02:00:00+02:00,2013-11-14T10:26:36.293652+01:00,True,,base,116A,Polar Questions,,,2
117,2008-04-21T02:00:00+02:00,2013-11-14T10:26:36.294375+01:00,True,,base,117A,Predicative Possession,,,2
121,2008-04-21T02:00:00+02:00,2013-11-14T10:26:36.295052+01:00,True,,base,121A,Comparative Constructions,,,2
125,2008-04-21T02:00:00+02:00,2013-11-14T10:26:36.295643+01:00,True,,base,125A,Purpose Clauses,,,2
126,2008-04-21T02:00:00+02:00,2013-11-14T10:26:36.296207+01:00,True,,base,126A,'When' Clauses,,,2
127,2008-04-21T02:00:00+02:00,2013-11-14T10:26:36.296757+01:00,True,,base,127A,Reason Clauses,,,2
128,2008-04-21T02:00:00+02:00,2013-11-14T10:26:36.297330+01:00,True,,base,128A,Utterance Complement Clauses,,,2
136,2008-04-21T02:00:00+02:00,2013-11-14T10:26:36.297880+01:00,True,,base,136A,M-T Pronouns,,,2
137,2008-04-21T02:00:00+02:00,2013-11-14T10:26:36.298417+01:00,True,,base,137A,N-M Pronouns,,,2
143,2011-04-28T02:00:00+02:00,2013-11-14T10:26:36.298992+01:00,True,,base,143F,Postverbal Negative Morphemes,,,2
148,2011-04-28T02:00:00+02:00,2013-11-14T10:26:36.299536+01:00,True,,base,144J,SVNegO Order,,,2
152,2011-04-28T02:00:00+02:00,2013-11-14T10:26:36.300064+01:00,True,,base,144A,"Position of Negative Word With Respect to Subject, Object, and Verb",,,2
156,2011-04-28T02:00:00+02:00,2013-11-14T10:26:36.300645+01:00,True,,base,144I,SNegVO Order,,,2
162,2011-04-28T02:00:00+02:00,2013-11-14T10:26:36.301217+01:00,True,,base,144K,SVONeg Order,,,2
163,2011-04-28T02:00:00+02:00,2013-11-14T10:26:36.301736+01:00,True,,base,144B,Position of negative words relative to beginning and end of clause and with respect to adjacency to verb,,,2
167,2011-04-28T02:00:00+02:00,2013-11-14T10:26:36.302311+01:00,True,,base,144D,The Position of Negative Morphemes in SVO Languages,,,2
169,2011-04-28T02:00:00+02:00,2013-11-14T10:26:36.302855+01:00,True,,base,143E,Preverbal Negative Morphemes,,,2
172,2011-04-28T02:00:00+02:00,2013-11-14T10:26:36.303376+01:00,True,,base,143A,Order of Negative Morpheme and Verb,,,2
177,2011-04-28T02:00:00+02:00,2013-11-14T10:26:36.303886+01:00,True,,base,144H,NegSVO Order,,,2
180,2011-04-28T02:00:00+02:00,2013-11-14T10:26:36.304371+01:00,True,,base,143G,Minor morphological means of signaling negation,,,2
183,2008-04-21T02:00:00+02:00,2013-11-14T10:26:36.304872+01:00,True,,base,137B,M in Second Person Singular,,,2
184,2008-04-21T02:00:00+02:00,2013-11-14T10:26:36.305381+01:00,True,,base,136B,M in First Person Singular,,,2
191,2008-04-21T02:00:00+02:00,2013-11-14T10:26:36.305904+01:00,True,,base,58B,Number of Possessive Nouns,,,2
