pk,jsondata,polymorphic_type,id,name,description,markup_description,updated,active,created,version
63,{},custom,63A,Noun Phrase Conjunction,,,2008-04-21T02:00:00+02:00,True,2008-04-21T02:00:00+02:00,1
167,{},custom,144D,The Position of Negative Morphemes in SVO Languages,,,2011-04-28T02:00:00+02:00,True,2011-04-28T02:00:00+02:00,1
74,{},custom,74A,Situational Possibility,,,2008-04-21T02:00:00+02:00,True,2008-04-21T02:00:00+02:00,1
91,{},custom,91A,Order of Degree Word and Adjective,,,2008-04-21T02:00:00+02:00,True,2008-04-21T02:00:00+02:00,1
72,{},custom,72A,Imperative-Hortative Systems,,,2008-04-21T02:00:00+02:00,True,2008-04-21T02:00:00+02:00,1
117,{},custom,117A,Predicative Possession,,,2008-04-21T02:00:00+02:00,True,2008-04-21T02:00:00+02:00,1
184,{},custom,136B,M in First Person Singular,,,2008-04-21T02:00:00+02:00,True,2008-04-21T02:00:00+02:00,1
191,{},custom,58B,Number of Possessive Nouns,,,2008-04-21T02:00:00+02:00,True,2008-04-21T02:00:00+02:00,1
169,{},custom,143E,Preverbal Negative Morphemes,,,2011-04-28T02:00:00+02:00,True,2011-04-28T02:00:00+02:00,1
104,{},custom,104A,Order of Person Markers on the Verb,,,2008-04-21T02:00:00+02:00,True,2008-04-21T02:00:00+02:00,1
180,{},custom,143G,Minor morphological means of signaling negation,,,2011-04-28T02:00:00+02:00,True,2011-04-28T02:00:00+02:00,1
88,{},custom,88A,Order of Demonstrative and Noun,,,2008-04-21T02:00:00+02:00,True,2008-04-21T02:00:00+02:00,1
152,{},custom,144A,"Position of Negative Word With Respect to Subject, Object, and Verb",,,2011-04-28T02:00:00+02:00,True,2011-04-28T02:00:00+02:00,1
101,{},custom,101A,Expression of Pronominal Subjects,,,2008-04-21T02:00:00+02:00,True,2008-04-21T02:00:00+02:00,1
48,{},custom,48A,Person Marking on Adpositions,,,2008-04-21T02:00:00+02:00,True,2008-04-21T02:00:00+02:00,1
143,{},custom,143F,Postverbal Negative Morphemes,,,2011-04-28T02:00:00+02:00,True,2011-04-28T02:00:00+02:00,1
70,{},custom,70A,The Morphological Imperative,,,2008-04-21T02:00:00+02:00,True,2008-04-21T02:00:00+02:00,1
156,{},custom,144I,SNegVO Order,,,2011-04-28T02:00:00+02:00,True,2011-04-28T02:00:00+02:00,1
127,{},custom,127A,Reason Clauses,,,2008-04-21T02:00:00+02:00,True,2008-04-21T02:00:00+02:00,1
82,{},custom,82A,Order of Subject and Verb,,,2008-04-21T02:00:00+02:00,True,2008-04-21T02:00:00+02:00,1
162,{},custom,144K,SVONeg Order,,,2011-04-28T02:00:00+02:00,True,2011-04-28T02:00:00+02:00,1
27,{},custom,27A,Reduplication,,,2008-04-21T02:00:00+02:00,True,2008-04-21T02:00:00+02:00,1
86,{},custom,86A,Order of Genitive and Noun,,,2008-04-21T02:00:00+02:00,True,2008-04-21T02:00:00+02:00,1
49,{},custom,49A,Number of Cases,,,2008-04-21T02:00:00+02:00,True,2008-04-21T02:00:00+02:00,1
148,{},custom,144J,SVNegO Order,,,2011-04-28T02:00:00+02:00,True,2011-04-28T02:00:00+02:00,1
92,{},custom,92A,Position of Polar Question Particles,,,2008-04-21T02:00:00+02:00,True,2008-04-21T02:00:00+02:00,1
107,{},custom,107A,Passive Constructions,,,2008-04-21T02:00:00+02:00,True,2008-04-21T02:00:00+02:00,1
183,{},custom,137B,M in Second Person Singular,,,2008-04-21T02:00:00+02:00,True,2008-04-21T02:00:00+02:00,1
136,{},custom,136A,M-T Pronouns,,,2008-04-21T02:00:00+02:00,True,2008-04-21T02:00:00+02:00,1
59,{},custom,59A,Possessive Classification,,,2008-04-21T02:00:00+02:00,True,2008-04-21T02:00:00+02:00,1
81,{},custom,81A,"Order of Subject, Object and Verb",,,2008-04-21T02:00:00+02:00,True,2008-04-21T02:00:00+02:00,1
126,{},custom,126A,'When' Clauses,,,2008-04-21T02:00:00+02:00,True,2008-04-21T02:00:00+02:00,1
44,{},custom,44A,Gender Distinctions in Independent Personal Pronouns,,,2008-04-21T02:00:00+02:00,True,2008-04-21T02:00:00+02:00,1
116,{},custom,116A,Polar Questions,,,2008-04-21T02:00:00+02:00,True,2008-04-21T02:00:00+02:00,1
100,{},custom,100A,Alignment of Verbal Person Marking,,,2008-04-21T02:00:00+02:00,True,2008-04-21T02:00:00+02:00,1
121,{},custom,121A,Comparative Constructions,,,2008-04-21T02:00:00+02:00,True,2008-04-21T02:00:00+02:00,1
37,{},custom,37A,Definite Articles,,,2008-04-21T02:00:00+02:00,True,2008-04-21T02:00:00+02:00,1
128,{},custom,128A,Utterance Complement Clauses,,,2008-04-21T02:00:00+02:00,True,2008-04-21T02:00:00+02:00,1
87,{},custom,87A,Order of Adjective and Noun,,,2008-04-21T02:00:00+02:00,True,2008-04-21T02:00:00+02:00,1
76,{},custom,76A,Overlap between Situational and Epistemic Modal Marking,,,2008-04-21T02:00:00+02:00,True,2008-04-21T02:00:00+02:00,1
102,{},custom,102A,Verbal Person Marking,,,2008-04-21T02:00:00+02:00,True,2008-04-21T02:00:00+02:00,1
177,{},custom,144H,NegSVO Order,,,2011-04-28T02:00:00+02:00,True,2011-04-28T02:00:00+02:00,1
103,{},custom,103A,Third Person Zero of Verbal Person Marking,,,2008-04-21T02:00:00+02:00,True,2008-04-21T02:00:00+02:00,1
163,{},custom,144B,Position of negative words relative to beginning and end of clause and with respect to adjacency to verb,,,2011-04-28T02:00:00+02:00,True,2011-04-28T02:00:00+02:00,1
75,{},custom,75A,Epistemic Possibility,,,2008-04-21T02:00:00+02:00,True,2008-04-21T02:00:00+02:00,1
57,{},custom,57A,Position of Pronominal Possessive Affixes,,,2008-04-21T02:00:00+02:00,True,2008-04-21T02:00:00+02:00,1
137,{},custom,137A,N-M Pronouns,,,2008-04-21T02:00:00+02:00,True,2008-04-21T02:00:00+02:00,1
83,{},custom,83A,Order of Object and Verb,,,2008-04-21T02:00:00+02:00,True,2008-04-21T02:00:00+02:00,1
93,{},custom,93A,Position of Interrogative Phrases in Content Questions,,,2008-04-21T02:00:00+02:00,True,2008-04-21T02:00:00+02:00,1
50,{},custom,50A,Asymmetrical Case-Marking,,,2008-04-21T02:00:00+02:00,True,2008-04-21T02:00:00+02:00,1
125,{},custom,125A,Purpose Clauses,,,2008-04-21T02:00:00+02:00,True,2008-04-21T02:00:00+02:00,1
58,{},custom,58A,Obligatory Possessive Inflection,,,2008-04-21T02:00:00+02:00,True,2008-04-21T02:00:00+02:00,1
172,{},custom,143A,Order of Negative Morpheme and Verb,,,2011-04-28T02:00:00+02:00,True,2011-04-28T02:00:00+02:00,1
71,{},custom,71A,The Prohibitive,,,2008-04-21T02:00:00+02:00,True,2008-04-21T02:00:00+02:00,1
131,{},custom,131A,Numeral Bases,,,2008-04-21T02:00:00+02:00,True,2008-04-21T02:00:00+02:00,1
