pk,jsondata,polymorphic_type,id,name,description,markup_description,updated,active,created,version
1,{},custom,1A,Consonant Inventories,,,2008-04-21T02:00:00+02:00,True,2008-04-21T02:00:00+02:00,1
2,{},custom,2A,Vowel Quality Inventories,,,2008-04-21T02:00:00+02:00,True,2008-04-21T02:00:00+02:00,1
3,{},custom,3A,Consonant-Vowel Ratio,,,2008-04-21T02:00:00+02:00,True,2008-04-21T02:00:00+02:00,1
4,{},custom,4A,Voicing in Plosives and Fricatives,,,2008-04-21T02:00:00+02:00,True,2008-04-21T02:00:00+02:00,1
5,{},custom,5A,Voicing and Gaps in Plosive Systems,,,2008-04-21T02:00:00+02:00,True,2008-04-21T02:00:00+02:00,1
6,{},custom,6A,Uvular Consonants,,,2008-04-21T02:00:00+02:00,True,2008-04-21T02:00:00+02:00,1
7,{},custom,7A,Glottalized Consonants,,,2008-04-21T02:00:00+02:00,True,2008-04-21T02:00:00+02:00,1
8,{},custom,8A,Lateral Consonants,,,2008-04-21T02:00:00+02:00,True,2008-04-21T02:00:00+02:00,1
9,{},custom,9A,The Velar Nasal,,,2008-04-21T02:00:00+02:00,True,2008-04-21T02:00:00+02:00,1
10,{},custom,10A,Vowel Nasalization,,,2008-04-21T02:00:00+02:00,True,2008-04-21T02:00:00+02:00,1
11,{},custom,11A,Front Rounded Vowels,,,2008-04-21T02:00:00+02:00,True,2008-04-21T02:00:00+02:00,1
12,{},custom,12A,Syllable Structure,,,2008-04-21T02:00:00+02:00,True,2008-04-21T02:00:00+02:00,1
13,{},custom,13A,Tone,,,2008-04-21T02:00:00+02:00,True,2008-04-21T02:00:00+02:00,1
14,{},custom,14A,Fixed Stress Locations,,,2008-04-21T02:00:00+02:00,True,2008-04-21T02:00:00+02:00,1
15,{},custom,15A,Weight-Sensitive Stress,,,2008-04-21T02:00:00+02:00,True,2008-04-21T02:00:00+02:00,1
16,{},custom,16A,Weight Factors in Weight-Sensitive Stress Systems,,,2008-04-21T02:00:00+02:00,True,2008-04-21T02:00:00+02:00,1
77,{},custom,77A,Semantic Distinctions of Evidentiality,,,2008-04-21T02:00:00+02:00,True,2008-04-21T02:00:00+02:00,1
78,{},custom,78A,Coding of Evidentiality,,,2008-04-21T02:00:00+02:00,True,2008-04-21T02:00:00+02:00,1
79,{},custom,79A,Suppletion According to Tense and Aspect,,,2008-04-21T02:00:00+02:00,True,2008-04-21T02:00:00+02:00,1
80,{},custom,80A,Verbal Number and Suppletion,,,2008-04-21T02:00:00+02:00,True,2008-04-21T02:00:00+02:00,1
84,{},custom,84A,"Order of Object, Oblique, and Verb",,,2008-04-21T02:00:00+02:00,True,2008-04-21T02:00:00+02:00,1
85,{},custom,85A,Order of Adposition and Noun Phrase,,,2008-04-21T02:00:00+02:00,True,2008-04-21T02:00:00+02:00,1
89,{},custom,89A,Order of Numeral and Noun,,,2008-04-21T02:00:00+02:00,True,2008-04-21T02:00:00+02:00,1
90,{},custom,90A,Order of Relative Clause and Noun,,,2008-04-21T02:00:00+02:00,True,2008-04-21T02:00:00+02:00,1
94,{},custom,94A,Order of Adverbial Subordinator and Clause,,,2008-04-21T02:00:00+02:00,True,2008-04-21T02:00:00+02:00,1
95,{},custom,95A,Relationship between the Order of Object and Verb and the Order of Adposition and Noun Phrase,,,2008-04-21T02:00:00+02:00,True,2008-04-21T02:00:00+02:00,1
96,{},custom,96A,Relationship between the Order of Object and Verb and the Order of Relative Clause and Noun,,,2008-04-21T02:00:00+02:00,True,2008-04-21T02:00:00+02:00,1
97,{},custom,97A,Relationship between the Order of Object and Verb and the Order of Adjective and Noun,,,2008-04-21T02:00:00+02:00,True,2008-04-21T02:00:00+02:00,1
98,{},custom,98A,Alignment of Case Marking of Full Noun Phrases,,,2008-04-21T02:00:00+02:00,True,2008-04-21T02:00:00+02:00,1
99,{},custom,99A,Alignment of Case Marking of Pronouns,,,2008-04-21T02:00:00+02:00,True,2008-04-21T02:00:00+02:00,1
105,{},custom,105A,Ditransitive Constructions: The Verb 'Give',,,2008-04-21T02:00:00+02:00,True,2008-04-21T02:00:00+02:00,1
106,{},custom,106A,Reciprocal Constructions,,,2008-04-21T02:00:00+02:00,True,2008-04-21T02:00:00+02:00,1
108,{},custom,108A,Antipassive Constructions,,,2008-04-21T02:00:00+02:00,True,2008-04-21T02:00:00+02:00,1
109,{},custom,109A,Applicative Constructions,,,2008-04-21T02:00:00+02:00,True,2008-04-21T02:00:00+02:00,1
110,{},custom,110A,Periphrastic Causative Constructions,,,2008-04-21T02:00:00+02:00,True,2008-04-21T02:00:00+02:00,1
111,{},custom,111A,Nonperiphrastic Causative Constructions,,,2008-04-21T02:00:00+02:00,True,2008-04-21T02:00:00+02:00,1
151,{},custom,144X,Verb-Initial with Clause-Final Negative,,,2011-04-28T02:00:00+02:00,True,2011-04-28T02:00:00+02:00,1
153,{},custom,90G,Double-headed relative clauses,,,2008-04-21T02:00:00+02:00,True,2008-04-21T02:00:00+02:00,1
154,{},custom,90E,Correlative relative clauses,,,2008-04-21T02:00:00+02:00,True,2008-04-21T02:00:00+02:00,1
155,{},custom,144V,Verb-Initial with Preverbal Negative,,,2011-04-28T02:00:00+02:00,True,2011-04-28T02:00:00+02:00,1
157,{},custom,144R,SONegV Order,,,2011-04-28T02:00:00+02:00,True,2011-04-28T02:00:00+02:00,1
158,{},custom,143B,Obligatory Double Negation,,,2011-04-28T02:00:00+02:00,True,2011-04-28T02:00:00+02:00,1
159,{},custom,144M,Multiple Negative Constructions in SOV Languages,,,2011-04-28T02:00:00+02:00,True,2011-04-28T02:00:00+02:00,1
160,{},custom,144U,Double negation in verb-initial languages,,,2011-04-28T02:00:00+02:00,True,2011-04-28T02:00:00+02:00,1
161,{},custom,144G,Optional Double Negation in SVO languages,,,2011-04-28T02:00:00+02:00,True,2011-04-28T02:00:00+02:00,1
164,{},custom,144F,Obligatory Double Negation in SVO languages,,,2011-04-28T02:00:00+02:00,True,2011-04-28T02:00:00+02:00,1
165,{},custom,90D,Internally-headed relative clauses,,,2008-04-21T02:00:00+02:00,True,2008-04-21T02:00:00+02:00,1
166,{},custom,144E,Multiple Negative Constructions in SVO Languages,,,2011-04-28T02:00:00+02:00,True,2011-04-28T02:00:00+02:00,1
17,{},custom,17A,Rhythm Types,,,2008-04-21T02:00:00+02:00,True,2008-04-21T02:00:00+02:00,1
18,{},custom,18A,Absence of Common Consonants,,,2008-04-21T02:00:00+02:00,True,2008-04-21T02:00:00+02:00,1
19,{},custom,19A,Presence of Uncommon Consonants,,,2008-04-21T02:00:00+02:00,True,2008-04-21T02:00:00+02:00,1
20,{},custom,20A,Fusion of Selected Inflectional Formatives,,,2008-04-21T02:00:00+02:00,True,2008-04-21T02:00:00+02:00,1
21,{},custom,21A,Exponence of Selected Inflectional Formatives,,,2008-04-21T02:00:00+02:00,True,2008-04-21T02:00:00+02:00,1
22,{},custom,22A,Inflectional Synthesis of the Verb,,,2008-04-21T02:00:00+02:00,True,2008-04-21T02:00:00+02:00,1
23,{},custom,23A,Locus of Marking in the Clause,,,2008-04-21T02:00:00+02:00,True,2008-04-21T02:00:00+02:00,1
24,{},custom,24A,Locus of Marking in Possessive Noun Phrases,,,2008-04-21T02:00:00+02:00,True,2008-04-21T02:00:00+02:00,1
25,{},custom,25A,Locus of Marking: Whole-language Typology,,,2008-04-21T02:00:00+02:00,True,2008-04-21T02:00:00+02:00,1
26,{},custom,26A,Prefixing vs. Suffixing in Inflectional Morphology,,,2008-04-21T02:00:00+02:00,True,2008-04-21T02:00:00+02:00,1
28,{},custom,28A,Case Syncretism,,,2008-04-21T02:00:00+02:00,True,2008-04-21T02:00:00+02:00,1
29,{},custom,29A,Syncretism in Verbal Person/Number Marking,,,2008-04-21T02:00:00+02:00,True,2008-04-21T02:00:00+02:00,1
30,{},custom,30A,Number of Genders,,,2008-04-21T02:00:00+02:00,True,2008-04-21T02:00:00+02:00,1
31,{},custom,31A,Sex-based and Non-sex-based Gender Systems,,,2008-04-21T02:00:00+02:00,True,2008-04-21T02:00:00+02:00,1
32,{},custom,32A,Systems of Gender Assignment,,,2008-04-21T02:00:00+02:00,True,2008-04-21T02:00:00+02:00,1
33,{},custom,33A,Coding of Nominal Plurality,,,2008-04-21T02:00:00+02:00,True,2008-04-21T02:00:00+02:00,1
34,{},custom,34A,Occurrence of Nominal Plurality,,,2008-04-21T02:00:00+02:00,True,2008-04-21T02:00:00+02:00,1
35,{},custom,35A,Plurality in Independent Personal Pronouns,,,2008-04-21T02:00:00+02:00,True,2008-04-21T02:00:00+02:00,1
36,{},custom,36A,The Associative Plural,,,2008-04-21T02:00:00+02:00,True,2008-04-21T02:00:00+02:00,1
38,{},custom,38A,Indefinite Articles,,,2008-04-21T02:00:00+02:00,True,2008-04-21T02:00:00+02:00,1
39,{},custom,39A,Inclusive/Exclusive Distinction in Independent Pronouns,,,2008-04-21T02:00:00+02:00,True,2008-04-21T02:00:00+02:00,1
40,{},custom,40A,Inclusive/Exclusive Distinction in Verbal Inflection,,,2008-04-21T02:00:00+02:00,True,2008-04-21T02:00:00+02:00,1
41,{},custom,41A,Distance Contrasts in Demonstratives,,,2008-04-21T02:00:00+02:00,True,2008-04-21T02:00:00+02:00,1
42,{},custom,42A,Pronominal and Adnominal Demonstratives,,,2008-04-21T02:00:00+02:00,True,2008-04-21T02:00:00+02:00,1
43,{},custom,43A,Third Person Pronouns and Demonstratives,,,2008-04-21T02:00:00+02:00,True,2008-04-21T02:00:00+02:00,1
45,{},custom,45A,Politeness Distinctions in Pronouns,,,2008-04-21T02:00:00+02:00,True,2008-04-21T02:00:00+02:00,1
46,{},custom,46A,Indefinite Pronouns,,,2008-04-21T02:00:00+02:00,True,2008-04-21T02:00:00+02:00,1
47,{},custom,47A,Intensifiers and Reflexive Pronouns,,,2008-04-21T02:00:00+02:00,True,2008-04-21T02:00:00+02:00,1
51,{},custom,51A,Position of Case Affixes,,,2008-04-21T02:00:00+02:00,True,2008-04-21T02:00:00+02:00,1
52,{},custom,52A,Comitatives and Instrumentals,,,2008-04-21T02:00:00+02:00,True,2008-04-21T02:00:00+02:00,1
53,{},custom,53A,Ordinal Numerals,,,2008-04-21T02:00:00+02:00,True,2008-04-21T02:00:00+02:00,1
54,{},custom,54A,Distributive Numerals,,,2008-04-21T02:00:00+02:00,True,2008-04-21T02:00:00+02:00,1
55,{},custom,55A,Numeral Classifiers,,,2008-04-21T02:00:00+02:00,True,2008-04-21T02:00:00+02:00,1
56,{},custom,56A,Conjunctions and Universal Quantifiers,,,2008-04-21T02:00:00+02:00,True,2008-04-21T02:00:00+02:00,1
60,{},custom,60A,"Genitives, Adjectives and Relative Clauses",,,2008-04-21T02:00:00+02:00,True,2008-04-21T02:00:00+02:00,1
61,{},custom,61A,Adjectives without Nouns,,,2008-04-21T02:00:00+02:00,True,2008-04-21T02:00:00+02:00,1
62,{},custom,62A,Action Nominal Constructions,,,2008-04-21T02:00:00+02:00,True,2008-04-21T02:00:00+02:00,1
64,{},custom,64A,Nominal and Verbal Conjunction,,,2008-04-21T02:00:00+02:00,True,2008-04-21T02:00:00+02:00,1
65,{},custom,65A,Perfective/Imperfective Aspect,,,2008-04-21T02:00:00+02:00,True,2008-04-21T02:00:00+02:00,1
66,{},custom,66A,The Past Tense,,,2008-04-21T02:00:00+02:00,True,2008-04-21T02:00:00+02:00,1
67,{},custom,67A,The Future Tense,,,2008-04-21T02:00:00+02:00,True,2008-04-21T02:00:00+02:00,1
68,{},custom,68A,The Perfect,,,2008-04-21T02:00:00+02:00,True,2008-04-21T02:00:00+02:00,1
69,{},custom,69A,Position of Tense-Aspect Affixes,,,2008-04-21T02:00:00+02:00,True,2008-04-21T02:00:00+02:00,1
73,{},custom,73A,The Optative,,,2008-04-21T02:00:00+02:00,True,2008-04-21T02:00:00+02:00,1
112,{},custom,112A,Negative Morphemes,,,2008-04-21T02:00:00+02:00,True,2008-04-21T02:00:00+02:00,1
113,{},custom,113A,Symmetric and Asymmetric Standard Negation,,,2008-04-21T02:00:00+02:00,True,2008-04-21T02:00:00+02:00,1
114,{},custom,114A,Subtypes of Asymmetric Standard Negation,,,2008-04-21T02:00:00+02:00,True,2008-04-21T02:00:00+02:00,1
115,{},custom,115A,Negative Indefinite Pronouns and Predicate Negation,,,2008-04-21T02:00:00+02:00,True,2008-04-21T02:00:00+02:00,1
118,{},custom,118A,Predicative Adjectives,,,2008-04-21T02:00:00+02:00,True,2008-04-21T02:00:00+02:00,1
119,{},custom,119A,Nominal and Locational Predication,,,2008-04-21T02:00:00+02:00,True,2008-04-21T02:00:00+02:00,1
120,{},custom,120A,Zero Copula for Predicate Nominals,,,2008-04-21T02:00:00+02:00,True,2008-04-21T02:00:00+02:00,1
122,{},custom,122A,Relativization on Subjects,,,2008-04-21T02:00:00+02:00,True,2008-04-21T02:00:00+02:00,1
123,{},custom,123A,Relativization on Obliques,,,2008-04-21T02:00:00+02:00,True,2008-04-21T02:00:00+02:00,1
124,{},custom,124A,'Want' Complement Subjects,,,2008-04-21T02:00:00+02:00,True,2008-04-21T02:00:00+02:00,1
129,{},custom,129A,Hand and Arm,,,2008-04-21T02:00:00+02:00,True,2008-04-21T02:00:00+02:00,1
130,{},custom,130A,Finger and Hand,,,2008-04-21T02:00:00+02:00,True,2008-04-21T02:00:00+02:00,1
132,{},custom,132A,Number of Non-Derived Basic Colour Categories,,,2008-04-21T02:00:00+02:00,True,2008-04-21T02:00:00+02:00,1
133,{},custom,133A,Number of Basic Colour Categories,,,2008-04-21T02:00:00+02:00,True,2008-04-21T02:00:00+02:00,1
134,{},custom,134A,Green and Blue,,,2008-04-21T02:00:00+02:00,True,2008-04-21T02:00:00+02:00,1
135,{},custom,135A,Red and Yellow,,,2008-04-21T02:00:00+02:00,True,2008-04-21T02:00:00+02:00,1
138,{},custom,138A,Tea,,,2008-04-21T02:00:00+02:00,True,2008-04-21T02:00:00+02:00,1
139,{},custom,139A,Irregular Negatives in Sign Languages,,,2008-04-21T02:00:00+02:00,True,2008-04-21T02:00:00+02:00,1
140,{},custom,140A,Question Particles in Sign Languages,,,2008-04-21T02:00:00+02:00,True,2008-04-21T02:00:00+02:00,1
141,{},custom,141A,Writing Systems,,,2008-04-21T02:00:00+02:00,True,2008-04-21T02:00:00+02:00,1
142,{},custom,142A,Para-Linguistic Usages of Clicks,,,2008-04-21T02:00:00+02:00,True,2008-04-21T02:00:00+02:00,1
144,{},custom,90B,Prenominal relative clauses,,,2008-04-21T02:00:00+02:00,True,2008-04-21T02:00:00+02:00,1
145,{},custom,144Y,The Position of Negative Morphemes in Object-Initial Languages,,,2011-04-28T02:00:00+02:00,True,2011-04-28T02:00:00+02:00,1
146,{},custom,90C,Postnominal relative clauses,,,2008-04-21T02:00:00+02:00,True,2008-04-21T02:00:00+02:00,1
147,{},custom,144P,NegSOV Order,,,2011-04-28T02:00:00+02:00,True,2011-04-28T02:00:00+02:00,1
149,{},custom,144N,Obligatory Double Negation in SOV languages,,,2011-04-28T02:00:00+02:00,True,2011-04-28T02:00:00+02:00,1
150,{},custom,144S,SOVNeg Order,,,2011-04-28T02:00:00+02:00,True,2011-04-28T02:00:00+02:00,1
131,{},custom,131A,Numeral Bases,,,2013-11-14T10:26:39.784422+01:00,True,2008-04-21T02:00:00+02:00,2
168,{},custom,81B,"Languages with two Dominant Orders of Subject, Object, and Verb",,,2008-04-21T02:00:00+02:00,True,2008-04-21T02:00:00+02:00,1
170,{},custom,143C,Optional Double Negation,,,2011-04-28T02:00:00+02:00,True,2011-04-28T02:00:00+02:00,1
171,{},custom,90F,Adjoined relative clauses,,,2008-04-21T02:00:00+02:00,True,2008-04-21T02:00:00+02:00,1
173,{},custom,144W,Verb-Initial with Negative that is Immediately Postverbal or between Subject and Object,,,2011-04-28T02:00:00+02:00,True,2011-04-28T02:00:00+02:00,1
174,{},custom,144O,Optional Double Negation in SOV languages,,,2011-04-28T02:00:00+02:00,True,2011-04-28T02:00:00+02:00,1
175,{},custom,144Q,SNegOV Order,,,2011-04-28T02:00:00+02:00,True,2011-04-28T02:00:00+02:00,1
176,{},custom,144L,The Position of Negative Morphemes in SOV Languages,,,2011-04-28T02:00:00+02:00,True,2011-04-28T02:00:00+02:00,1
178,{},custom,144C,Languages with different word order in negative clauses,,,2011-04-28T02:00:00+02:00,True,2011-04-28T02:00:00+02:00,1
179,{},custom,144T,The Position of Negative Morphemes in Verb-Initial Languages,,,2011-04-28T02:00:00+02:00,True,2011-04-28T02:00:00+02:00,1
181,{},custom,143D,Optional Triple Negation,,,2011-04-28T02:00:00+02:00,True,2011-04-28T02:00:00+02:00,1
182,{},custom,39B,Inclusive/Exclusive Forms in Pama-Nyungan,,,2008-04-21T02:00:00+02:00,True,2008-04-21T02:00:00+02:00,1
185,{},custom,109B,Other Roles of Applied Objects,,,2008-04-21T02:00:00+02:00,True,2008-04-21T02:00:00+02:00,1
186,{},custom,10B,Nasal Vowels in West Africa,,,2008-04-21T02:00:00+02:00,True,2008-04-21T02:00:00+02:00,1
187,{},custom,25B,Zero Marking of A and P Arguments,,,2008-04-21T02:00:00+02:00,True,2008-04-21T02:00:00+02:00,1
188,{},custom,21B,Exponence of Tense-Aspect-Mood Inflection,,,2008-04-21T02:00:00+02:00,True,2008-04-21T02:00:00+02:00,1
189,{},custom,108B,Productivity of the Antipassive Construction,,,2008-04-21T02:00:00+02:00,True,2008-04-21T02:00:00+02:00,1
190,{},custom,130B,Cultural Categories of Languages with Identity of 'Finger' and 'Hand',,,2008-04-21T02:00:00+02:00,True,2008-04-21T02:00:00+02:00,1
192,{},custom,79B,Suppletion in Imperatives and Hortatives,,,2008-04-21T02:00:00+02:00,True,2008-04-21T02:00:00+02:00,1
27,{},custom,27A,Reduplication,,,2013-11-14T10:26:36.272499+01:00,True,2008-04-21T02:00:00+02:00,2
37,{},custom,37A,Definite Articles,,,2013-11-14T10:26:36.273745+01:00,True,2008-04-21T02:00:00+02:00,2
44,{},custom,44A,Gender Distinctions in Independent Personal Pronouns,,,2013-11-14T10:26:36.274492+01:00,True,2008-04-21T02:00:00+02:00,2
48,{},custom,48A,Person Marking on Adpositions,,,2013-11-14T10:26:36.275081+01:00,True,2008-04-21T02:00:00+02:00,2
49,{},custom,49A,Number of Cases,,,2013-11-14T10:26:36.275683+01:00,True,2008-04-21T02:00:00+02:00,2
50,{},custom,50A,Asymmetrical Case-Marking,,,2013-11-14T10:26:36.276213+01:00,True,2008-04-21T02:00:00+02:00,2
57,{},custom,57A,Position of Pronominal Possessive Affixes,,,2013-11-14T10:26:36.276972+01:00,True,2008-04-21T02:00:00+02:00,2
58,{},custom,58A,Obligatory Possessive Inflection,,,2013-11-14T10:26:36.277734+01:00,True,2008-04-21T02:00:00+02:00,2
59,{},custom,59A,Possessive Classification,,,2013-11-14T10:26:36.278402+01:00,True,2008-04-21T02:00:00+02:00,2
63,{},custom,63A,Noun Phrase Conjunction,,,2013-11-14T10:26:36.279153+01:00,True,2008-04-21T02:00:00+02:00,2
70,{},custom,70A,The Morphological Imperative,,,2013-11-14T10:26:36.279801+01:00,True,2008-04-21T02:00:00+02:00,2
71,{},custom,71A,The Prohibitive,,,2013-11-14T10:26:36.280444+01:00,True,2008-04-21T02:00:00+02:00,2
72,{},custom,72A,Imperative-Hortative Systems,,,2013-11-14T10:26:36.281086+01:00,True,2008-04-21T02:00:00+02:00,2
74,{},custom,74A,Situational Possibility,,,2013-11-14T10:26:36.281873+01:00,True,2008-04-21T02:00:00+02:00,2
75,{},custom,75A,Epistemic Possibility,,,2013-11-14T10:26:36.282570+01:00,True,2008-04-21T02:00:00+02:00,2
76,{},custom,76A,Overlap between Situational and Epistemic Modal Marking,,,2013-11-14T10:26:36.283182+01:00,True,2008-04-21T02:00:00+02:00,2
81,{},custom,81A,"Order of Subject, Object and Verb",,,2013-11-14T10:26:36.283747+01:00,True,2008-04-21T02:00:00+02:00,2
82,{},custom,82A,Order of Subject and Verb,,,2013-11-14T10:26:36.284379+01:00,True,2008-04-21T02:00:00+02:00,2
83,{},custom,83A,Order of Object and Verb,,,2013-11-14T10:26:36.285207+01:00,True,2008-04-21T02:00:00+02:00,2
86,{},custom,86A,Order of Genitive and Noun,,,2013-11-14T10:26:36.285910+01:00,True,2008-04-21T02:00:00+02:00,2
87,{},custom,87A,Order of Adjective and Noun,,,2013-11-14T10:26:36.286683+01:00,True,2008-04-21T02:00:00+02:00,2
88,{},custom,88A,Order of Demonstrative and Noun,,,2013-11-14T10:26:36.287455+01:00,True,2008-04-21T02:00:00+02:00,2
91,{},custom,91A,Order of Degree Word and Adjective,,,2013-11-14T10:26:36.288153+01:00,True,2008-04-21T02:00:00+02:00,2
92,{},custom,92A,Position of Polar Question Particles,,,2013-11-14T10:26:36.288776+01:00,True,2008-04-21T02:00:00+02:00,2
93,{},custom,93A,Position of Interrogative Phrases in Content Questions,,,2013-11-14T10:26:36.289385+01:00,True,2008-04-21T02:00:00+02:00,2
100,{},custom,100A,Alignment of Verbal Person Marking,,,2013-11-14T10:26:36.290027+01:00,True,2008-04-21T02:00:00+02:00,2
101,{},custom,101A,Expression of Pronominal Subjects,,,2013-11-14T10:26:36.290612+01:00,True,2008-04-21T02:00:00+02:00,2
102,{},custom,102A,Verbal Person Marking,,,2013-11-14T10:26:36.291162+01:00,True,2008-04-21T02:00:00+02:00,2
103,{},custom,103A,Third Person Zero of Verbal Person Marking,,,2013-11-14T10:26:36.291719+01:00,True,2008-04-21T02:00:00+02:00,2
104,{},custom,104A,Order of Person Markers on the Verb,,,2013-11-14T10:26:36.292296+01:00,True,2008-04-21T02:00:00+02:00,2
107,{},custom,107A,Passive Constructions,,,2013-11-14T10:26:36.292996+01:00,True,2008-04-21T02:00:00+02:00,2
116,{},custom,116A,Polar Questions,,,2013-11-14T10:26:36.293652+01:00,True,2008-04-21T02:00:00+02:00,2
117,{},custom,117A,Predicative Possession,,,2013-11-14T10:26:36.294375+01:00,True,2008-04-21T02:00:00+02:00,2
121,{},custom,121A,Comparative Constructions,,,2013-11-14T10:26:36.295052+01:00,True,2008-04-21T02:00:00+02:00,2
125,{},custom,125A,Purpose Clauses,,,2013-11-14T10:26:36.295643+01:00,True,2008-04-21T02:00:00+02:00,2
126,{},custom,126A,'When' Clauses,,,2013-11-14T10:26:36.296207+01:00,True,2008-04-21T02:00:00+02:00,2
127,{},custom,127A,Reason Clauses,,,2013-11-14T10:26:36.296757+01:00,True,2008-04-21T02:00:00+02:00,2
128,{},custom,128A,Utterance Complement Clauses,,,2013-11-14T10:26:36.297330+01:00,True,2008-04-21T02:00:00+02:00,2
136,{},custom,136A,M-T Pronouns,,,2013-11-14T10:26:36.297880+01:00,True,2008-04-21T02:00:00+02:00,2
137,{},custom,137A,N-M Pronouns,,,2013-11-14T10:26:36.298417+01:00,True,2008-04-21T02:00:00+02:00,2
143,{},custom,143F,Postverbal Negative Morphemes,,,2013-11-14T10:26:36.298992+01:00,True,2011-04-28T02:00:00+02:00,2
148,{},custom,144J,SVNegO Order,,,2013-11-14T10:26:36.299536+01:00,True,2011-04-28T02:00:00+02:00,2
152,{},custom,144A,"Position of Negative Word With Respect to Subject, Object, and Verb",,,2013-11-14T10:26:36.300064+01:00,True,2011-04-28T02:00:00+02:00,2
156,{},custom,144I,SNegVO Order,,,2013-11-14T10:26:36.300645+01:00,True,2011-04-28T02:00:00+02:00,2
162,{},custom,144K,SVONeg Order,,,2013-11-14T10:26:36.301217+01:00,True,2011-04-28T02:00:00+02:00,2
163,{},custom,144B,Position of negative words relative to beginning and end of clause and with respect to adjacency to verb,,,2013-11-14T10:26:36.301736+01:00,True,2011-04-28T02:00:00+02:00,2
167,{},custom,144D,The Position of Negative Morphemes in SVO Languages,,,2013-11-14T10:26:36.302311+01:00,True,2011-04-28T02:00:00+02:00,2
169,{},custom,143E,Preverbal Negative Morphemes,,,2013-11-14T10:26:36.302855+01:00,True,2011-04-28T02:00:00+02:00,2
172,{},custom,143A,Order of Negative Morpheme and Verb,,,2013-11-14T10:26:36.303376+01:00,True,2011-04-28T02:00:00+02:00,2
177,{},custom,144H,NegSVO Order,,,2013-11-14T10:26:36.303886+01:00,True,2011-04-28T02:00:00+02:00,2
180,{},custom,143G,Minor morphological means of signaling negation,,,2013-11-14T10:26:36.304371+01:00,True,2011-04-28T02:00:00+02:00,2
183,{},custom,137B,M in Second Person Singular,,,2013-11-14T10:26:36.304872+01:00,True,2008-04-21T02:00:00+02:00,2
184,{},custom,136B,M in First Person Singular,,,2013-11-14T10:26:36.305381+01:00,True,2008-04-21T02:00:00+02:00,2
191,{},custom,58B,Number of Possessive Nouns,,,2013-11-14T10:26:36.305904+01:00,True,2008-04-21T02:00:00+02:00,2
