pk,created,updated,active,jsondata,polymorphic_type,id,name,description,markup_description,glottolog_id,google_book_search_id,bibtex_type,author,year,title,type,booktitle,editor,pages,edition,journal,school,address,url,note,number,series,volume,publisher,organization,chapter,howpublished,year_int,startpage_int,pages_int,version
2165,2008-04-21T02:00:00+02:00,2008-04-21T02:00:00+02:00,True,"{""iso_code"": [""nya""], ""wals_code"": [""cic""], ""olac_field"": [""semantics"", ""typology"", ""morphology"", ""syntax"", ""general_linguistics""]}",base,Bentley-and-Kulemeka-2001,Bentley and Kulemeka 2001,Chichewa,,,,book,"Bentley, Mayrene and Kulemeka, Andrew",2001,Chichewa,,,,,,,,München,,,,,,Lincom Europa,,,,,,,1
6511,2008-04-21T02:00:00+02:00,2008-04-21T02:00:00+02:00,True,"{""iso_code"": [""nga""], ""wals_code"": [""ngb""], ""olac_field"": [""syntax"", ""typology"", ""general_linguistics"", ""semantics""]}",base,GrandEury-1991,GrandEury 1991,"Le parler langue oubanguienne du Zaïre: Unités de base, prédication et énonciation",,,,misc,"GrandEury, Sylvie",1991,"Le parler langue oubanguienne du Zaïre: Unités de base, prédication et énonciation",,,,,,,Université de Nancy II,,,,,,,,,,,,,,1
4890,2008-04-21T02:00:00+02:00,2008-04-21T02:00:00+02:00,True,"{""iso_code"": [""cmn""], ""wals_code"": [""kug""], ""olac_field"": [""general_linguistics"", ""typology"", ""syntax""]}",base,Gui-2000,Gui 2000,Kunming Chinese,,,,book,"Gui, Ming Chao",2000,Kunming Chinese,,,,,,,,München,,,,,,Lincom Europa,,,,,,,1
3515,2008-04-21T02:00:00+02:00,2008-04-21T02:00:00+02:00,True,"{""iso_code"": [""kng""], ""wals_code"": [""kon""], ""olac_field"": [""general_linguistics"", ""typology"", ""syntax"", ""semantics""]}",base,Lamwamu-1973,Lamwamu 1973,Essai de morphosyntaxe systématique des parlers Kongo,,,,book,"Lamwamu, François",1973,Essai de morphosyntaxe systématique des parlers Kongo,,,,,,,,Paris,,,,Langues et Littératures de l'Afrique noire,10,Klincksieck,,,,,,,1
1293,2008-04-21T02:00:00+02:00,2008-04-21T02:00:00+02:00,True,"{""iso_code"": [""kng""], ""wals_code"": [""kon""], ""olac_field"": [""syntax"", ""typology"", ""morphology"", ""phonology"", ""phonetics"", ""general_linguistics"", ""semantics""]}",base,Lumwamu-1973,Lumwamu 1973,Essai de morphosyntaxe systématique des parlers kongo,,,iy2Hq-hMWuoC,book,"Lumwamu, François",1973,Essai de morphosyntaxe systématique des parlers kongo,,,,,,,,Paris,,,,,,Klincksieck,,,,,,,1
2565,2008-04-21T02:00:00+02:00,2008-04-21T02:00:00+02:00,True,"{""iso_code"": [""nya""], ""wals_code"": [""cic""], ""olac_field"": [""typology"", ""syntax"", ""morphology"", ""general_linguistics""]}",base,Mateene-1980,Mateene 1980,Essai de grammaire générative et transformationnelle de la langue nyanja,,,,book,"Mateene, Kahombo",1980,Essai de grammaire générative et transformationnelle de la langue nyanja,,,,,,,,Kinshasa,,,,,,Presses Universitaires du Zaire,,,,,,,1
6846,2008-04-21T02:00:00+02:00,2008-04-21T02:00:00+02:00,True,"{""iso_code"": [""nya""], ""wals_code"": [""cic""], ""olac_field"": [""syntax"", ""typology"", ""morphology"", ""general_linguistics""]}",base,Mchombo-2004,Mchombo 2004,The syntax of Chichewa,,,,book,"Mchombo, Sam A.",2004,The syntax of Chichewa,,,,,,,,Cambridge,,,,Cambridge Syntax Guides,,Cambridge University Press,,,,,,,1
3985,2008-04-21T02:00:00+02:00,2008-04-21T02:00:00+02:00,True,"{""iso_code"": [""cmn""], ""wals_code"": [""kug""], ""olac_field"": [""general_linguistics"", ""typology"", ""syntax"", ""semantics""]}",base,Ming-Chao-Gui-2000,Ming Chao Gui 2000,Kunming Chinese,,,,book,"Gui, Ming Chao",2000,Kunming Chinese,,,,,,,,München,,,,,,Lincom Europa,,,,,,,1
2671,2008-04-21T02:00:00+02:00,2008-04-21T02:00:00+02:00,True,"{""iso_code"": [""nya""], ""wals_code"": [""cic""], ""olac_field"": [""semantics"", ""morphology"", ""syntax"", ""general_linguistics"", ""typology""]}",base,Price-1966,Price 1966,The Elements of Nyanja,,,,book,"Price, Thomas",1966,The Elements of Nyanja,,,,,,,,"Blantyre, Malawi",,,,,,Church of Central Africa Presbyterian,,,,,,,1
4237,2008-04-21T02:00:00+02:00,2008-04-21T02:00:00+02:00,True,"{""iso_code"": [""nga""], ""wals_code"": [""ngb""], ""olac_field"": [""syntax"", ""typology"", ""general_linguistics""]}",base,Thomas-1963,Thomas 1963,Le parler ngbaka de Bokanga,,,,book,"Thomas, Jacqueline M.  C.",1963,Le parler ngbaka de Bokanga,,,,,,,,Paris,,,,,,Mouton,,,,,,,1
