pk,ascii_name,genus_pk,samples_100,samples_200,iso_codes,version
1159,baoan,20,False,False,,1
1309,kaguru,274,False,False,,1
822,nubianhill,307,False,False,,1
140,koyra,13,False,False,,1
1453,gallong,382,False,False,,1
1953,embera,135,False,False,,1
128,kaugel,438,False,False,,1
1219,bobofing,292,False,False,,1
2179,tamang,389,False,False,,1
50,dhimal,389,False,False,,1
1314,magar,389,False,False,,1
1834,khaling,389,False,False,,1
2037,belhare,389,False,False,,1
1888,athpare,389,False,False,,1
2620,wambule,389,False,False,,1
2022,hayu,389,False,False,,1
157,magarsyangja,389,False,False,,1
2158,newarikathmandu,389,False,False,,1
1371,thangmi,389,False,False,,1
2277,limbu,389,False,False,,1
2621,yamphu,389,False,False,,1
364,kulung,389,False,False,,1
1427,thulung,389,False,False,,1
1891,dumi,389,False,False,,1
1829,chepang,389,False,False,,1
1386,camling,389,False,False,,1
2060,kham,389,False,False,,1
1770,newardolakha,389,False,False,,1
347,kankanay,99,False,False,,1
46,chru,77,False,False,,1
1924,chamwestern,77,False,False,,1
247,waraywaray,97,False,False,,1
629,aklanon,97,False,False,,1
1239,ivatansouthern,99,False,False,,1
556,mamasa,93,False,False,,1
109,indonesianjakarta,77,False,False,,1
134,ketapang,77,False,False,,1
356,kenyahumalung,94,False,False,,1
1281,uma,93,False,False,,1
144,kutai,77,False,False,,1
1881,tboli,81,False,False,,1
2343,acehnese,77,False,False,,1
643,bambam,93,False,False,,1
1987,tondano,93,False,False,,1
1122,konjo,93,False,False,,1
1039,madurese,80,False,False,,1
1001,pamona,93,False,False,,1
152,lundayeh,94,False,False,,1
158,magindanao,92,False,False,,1
2418,batakkaro,83,False,True,,1
2525,tagalog,97,True,True,,1
828,padoe,93,False,False,,1
544,kaili,93,False,False,,1
613,toraja,93,False,False,,1
118,ivatan,99,False,False,,1
1817,timugon,94,False,False,,1
614,tsat,77,False,False,,1
1053,toratan,93,False,False,,1
860,banggai,93,False,False,,1
1487,tausug,97,False,False,,1
1064,chameastern,77,False,False,,1
515,binukid,92,False,False,,1
171,melanau,94,False,False,,1
711,malay,77,False,False,,1
2201,bataktoba,83,False,False,,1
1489,tiruray,81,False,False,,1
440,rade,77,False,False,,1
566,mongondow,93,False,False,,1
1694,mamanwa,97,False,False,,1
1672,bikol,97,False,False,,1
1550,hiligaynon,97,False,False,,1
31,batak,97,False,False,,1
724,napu,93,False,False,,1
1509,kadazan,94,False,False,,1
2140,rukai,96,False,False,,1
165,mandar,93,False,False,,1
314,dumagatcasiguran,99,False,False,,1
2152,iban,77,False,False,,1
126,karao,99,False,False,,1
612,tontemboan,93,False,False,,1
160,malaykualalumpur,77,False,False,,1
552,kulamanen,92,False,False,,1
1466,manadonese,77,False,False,,1
161,malayulumuar,77,False,False,,1
87,gorontalo,93,False,False,,1
112,isnag,99,False,False,,1
554,lauje,93,False,False,,1
1641,ilocano,99,False,False,,1
507,aralletabulahan,93,False,False,,1
58,embaloh,93,False,False,,1
645,bantik,93,False,False,,1
797,hanunoo,97,False,False,,1
1869,kapampangan,99,False,False,,1
9,alas,83,False,False,,1
2081,nias,83,False,False,,1
1801,ifugaobatad,99,False,False,,1
132,kelabit,94,False,False,,1
1765,manobowesternbukidnon,92,False,False,,1
521,daa,93,False,False,,1
657,begakidaan,94,False,False,,1
1822,agtacentral,99,False,False,,1
1189,maranao,92,False,False,,1
641,balangao,99,False,False,,1
1198,saban,94,False,False,,1
36,bilaan,81,False,False,,1
642,balantak,93,False,False,,1
108,indonesianpapuan,77,False,False,,1
129,kayanbaram,98,False,False,,1
487,yami,99,False,False,,1
2545,indonesian,77,True,True,,1
988,makassar,93,False,False,,1
2506,tukangbesi,93,True,True,,1
222,tagbanwaaborlan,97,False,False,,1
991,mentawai,83,False,False,,1
1294,balinese,100,False,False,,1
2233,sundanese,78,False,False,,1
2630,agtadupaningan,99,False,False,,1
605,talaud,93,False,False,,1
595,sangir,93,False,False,,1
1275,simeulue,83,False,False,,1
2631,banggi,97,False,False,,1
443,roglainorthern,77,False,False,,1
1795,enggano,83,False,False,,1
1791,bontok,99,False,False,,1
1298,bugis,93,False,False,,1
2018,cebuano,97,False,False,,1
184,narom,94,False,False,,1
2269,muna,93,False,False,,1
1775,pangasinan,99,False,False,,1
599,sikule,83,False,False,,1
105,ibanag,99,False,False,,1
1885,wolio,93,False,False,,1
747,selayar,93,False,False,,1
1917,uraklawoi,77,False,False,,1
2063,minangkabau,77,False,False,,1
679,gayo,91,False,False,,1
1145,tatana,94,False,False,,1
337,itawis,99,False,False,,1
1134,moraori,255,False,False,,1
2205,goajiro,26,False,False,,1
1711,yucuna,26,False,False,,1
2472,apurina,26,True,True,,1
2145,bare,26,False,False,,1
1683,iranxe,26,False,False,,1
1290,aikana,26,False,False,,1
25,bahuana,26,False,False,,1
2676,piro,26,False,False,,1
2200,arawak,26,False,False,,1
1635,baure,26,False,False,,1
311,curripaco,26,False,False,,1
765,waura,26,False,False,,1
582,parecis,26,False,False,,1
608,terena,26,False,False,,1
2312,campaaxininca,26,False,False,,1
1286,wapishana,26,False,False,,1
430,piapoco,26,False,False,,1
786,campapajonalasheninca,26,False,False,,1
1652,maipure,26,False,False,,1
2208,resigaro,26,False,False,,1
1868,ignaciano,26,False,False,,1
861,baniwa,26,False,False,,1
2010,tariana,26,False,False,,1
1786,achagua,26,False,False,,1
1188,machiguenga,26,False,False,,1
1921,amuesha,26,False,False,,1
2028,palikur,26,False,False,,1
2142,warekena,26,False,False,,1
1995,garifuna,26,False,False,,1
573,nomatsiguenga,26,False,False,,1
2276,gbeyabossangoa,287,False,False,,1
1547,gbayakara,287,False,False,,1
1184,lega,274,False,False,,1
575,nyanga,274,False,False,,1
2313,kongo,274,False,True,,1
1321,ngbaka,287,False,False,,1
751,sisaala,290,False,False,,1
1255,makua,274,False,False,,1
2207,ojibwaeastern,17,False,False,,1
2444,grebo,277,True,True,,1
1892,fulacameroonian,276,False,False,,1
2111,gwari,278,False,False,,1
1364,mbodomo,287,False,False,,1
1760,kemant,7,False,False,,1
2183,tlapanec,333,False,False,,1
2312,campaaxininca,536,False,False,,2
1591,creeeastern,17,False,False,,1
2428,creeplains,17,True,True,,1
8,akwa,274,False,False,,1
404,moca,9,False,False,,1
2607,raji,66,False,False,,1
