{"dc:identifier": "58559d4eea0d", "url": "walslanguage_history.csv-metadata.json", "dc:license": {"schema:name": "http://creativecommons.org/licenses/by/4.0/"}, "dc:publisher": {"schema:name": "Max Planck Institute for Evolutionary Anthropology", "schema:url": {"@id": "http://www.eva.mpg.de"}}, "@context": ["http://www.w3.org/ns/csvw", {"@language": "en"}], "tableSchema": {"primaryKey": "version", "columns": [{"datatype": {"@id": "http://www.w3.org/2001/XMLSchema#int"}, "name": "pk"}, {"datatype": {"@id": "http://www.w3.org/2001/XMLSchema#string"}, "name": "ascii_name"}, {"datatype": {"@id": "http://www.w3.org/2001/XMLSchema#int"}, "name": "genus_pk"}, {"datatype": {"@id": "http://www.w3.org/2001/XMLSchema#boolean"}, "name": "samples_100"}, {"datatype": {"@id": "http://www.w3.org/2001/XMLSchema#boolean"}, "name": "samples_200"}, {"datatype": {"@id": "http://www.w3.org/2001/XMLSchema#string"}, "name": "macroarea"}, {"datatype": {"@id": "http://www.w3.org/2001/XMLSchema#string"}, "name": "iso_codes"}, {"datatype": {"@id": "http://www.w3.org/2001/XMLSchema#int"}, "name": "version"}], "foreignKeys": [{"columnReference": "pk", "reference": {"columnReference": "pk", "resource": "language_history"}}, {"columnReference": "version", "reference": {"columnReference": "version", "resource": "language_history"}}]}}